序号,股票代码,股票简称,公司名称,省份,城市,主营业务收入(201712),净利润(201712),员工人数,上市日期,招股书,公司财报,行业分类,产品类型,主营业务
1,1,平安银行,平安银行股份有限公司,广东,深圳市,1057.86亿,231.89亿,40745,1991-04-03,--,,银行,商业银行业务,经有关监管机构批准的各项商业银行业务。
2,2,万科A,万科企业股份有限公司,广东,深圳市,2428.97亿,372.08亿,130292,1991-01-29,--,,房地产开发,房地产、物业管理、投资咨询,房地产开发和物业服务。
3,4,ST国华,深圳国华网安科技股份有限公司,广东,深圳市,1.39亿,589.22万,309,1991-01-14,--,,生物医药,应急类产品、安全加固检测类、安全检测类产品、集成产品、智慧类产品、移动应用安全检测平台、移动应用安全加固平台、威胁态势感知平台、其他平台、安全管理平台、源代码审计平台、定制开发产品、其他产品、游戏类产品,移动互联网安全、智慧城市及应急业务。
4,5,ST星源,深圳世纪星源股份有限公司,广东,深圳市,5.31亿,2293.60万,563,1990-12-10,--,,环保工程、物业管理,酒店经营、物业管理、环保业务,绿色低碳城市社区建设相关的服务业务。
5,6,深振业A,深圳市振业(集团)股份有限公司,广东,深圳市,29.59亿,8.20亿,403,1992-04-27,--,,房地产开发,房地产,从事房地产开发与销售。
6,7,全新好,深圳市全新好股份有限公司,广东,深圳市,3964.40万,79.51万,82,1992-04-13,--,,物业经营,物业管理、房屋租赁、汽车经销业、大健康产业,物业管理和房屋租赁业、汽车经销业、大健康产业。
7,8,神州高铁,神州高铁技术股份有限公司,北京,北京市,23.31亿,8.90亿,2240,1992-05-07,--,,轨道交通设备,轨道交通,专业致力于提供轨道交通运营检修装备与数据、线路运营、维保服务。
8,9,中国宝安,中国宝安集团股份有限公司,广东,深圳市,70.71亿,3.23亿,14335,1991-06-25,--,,综合,高新技术产业、生物医药、房地产,高新技术产业、生物医药产业、房地产及其他产业。
9,10,美丽生态,深圳美丽生态股份有限公司,广东,深圳市,7.58亿,-10.50亿,290,1995-10-27,--,,园林工程,工程项目、苗木销售,工程施工、园林绿化及环境综合整治。
10,11,深物业A,深圳市物业发展(集团)股份有限公司,广东,深圳市,29.05亿,6.23亿,7658,1992-03-30,--,,房地产开发,产城空间开发、物业管理服务、产业生态运营、餐饮业务、工程监理业务,从事房地产开发经营，兼营物业管理、房屋租赁、出租车客运、餐饮服务等。
11,12,南玻A,中国南玻集团股份有限公司,广东,深圳市,108.79亿,8.29亿,11910,1992-02-28,--,,玻璃,玻璃业务、电子玻璃及显示器件业务、太阳能及其他业务,研发、生产制造和销售优质浮法玻璃和工程玻璃、太阳能玻璃和硅材料、光伏电池和组件等可再生能源产品，超薄电子玻璃和显示器件等新材料和信息显示产品，提供光伏电站项目开发、建设、运维一站式服务等。
12,14,沙河股份,沙河实业股份有限公司,广东,深圳市,5.13亿,1098.82万,128,1992-06-02,--,,房地产开发,房地产销售,从事房地产开发与经营、现代服务型产业用房运营与管理。
13,16,深康佳A,康佳集团股份有限公司,广东,深圳市,312.28亿,50.87亿,16238,1992-03-27,--,,电视机,工贸业务、彩电业务、环保业务、白电业务、半导体业务,消费类电子业务、工贸业务、环保业务、半导体业务。
14,17,深中华A,深圳中华自行车(集团)股份有限公司,广东,深圳市,1.37亿,157.92万,61,1992-03-31,--,,自行车,阿米尼牌自行车、电动自行车、锂电池材料、黄金珠宝,自行车及锂电池材料业务、珠宝黄金业务。
15,19,深粮控股,深圳市深粮控股股份有限公司,广东,深圳市,107.94亿,3.51亿,1278,1992-10-12,--,,软饮料,食品和饮料及茶加工、粮油贸易及加工、粮油仓储物流及服务,批发零售业务、食品加工制造业务、租赁及商务服务业务。
16,20,深华发A,深圳中恒华发股份有限公司,广东,深圳市,8.58亿,97.44万,1133,1992-04-28,--,,电子零部件,显示器、注塑件、EPS产品、物业租赁、废料收入、水电费及其他,精密注塑件的加工、销售;液晶显示器的加工、销售;轻型包装材料的加工、销售以及物业租赁业务。
17,21,深科技,深圳长城开发科技股份有限公司,广东,深圳市,142.10亿,5.74亿,26917,1994-02-02,--,,PC、服务器及硬件,存储半导体业务、自有产品、高端制造,致力于为全球客户提供技术研发、工艺设计、生产加工、采购管理、物流支持等电子产品制造服务。
18,23,深天地A,深圳市天地(集团)股份有限公司,广东,深圳市,12.29亿,2868.88万,1021,1993-04-29,--,,商品混凝土,房地产、工业、租赁,商品混凝土的生产和销售、房地产的开发及物业管理等。
19,25,特力A,深圳市特力(集团)股份有限公司,广东,深圳市,3.47亿,6578.16万,298,1993-06-21,--,,汽车销售,汽车销售、汽车检测维修及配件销售、物业租赁及服务、珠宝批发及零售,珠宝服务业务；商业运营管理；汽车销售、检测、维修及配件销售。
20,26,飞亚达,飞亚达精密科技股份有限公司,广东,深圳市,33.46亿,1.43亿,5081,1993-06-03,--,,珠宝首饰,手表品牌业务、手表零售服务业务、精密科技业务、租赁业务,"主要从事钟表及其零配件的设计、开发、制造、销售和维修业务，包括""飞亚达""表的产品经营和世界名表的商业连锁销售。"
序号,股票代码,股票简称,公司名称,省份,城市,主营业务收入(201712),净利润(201712),员工人数,上市日期,招股书,公司财报,行业分类,产品类型,主营业务
21,27,深圳能源,深圳能源集团股份有限公司,广东,深圳市,155.46亿,8.45亿,12808,1993-09-03,--,,火电,燃煤、燃机、水电、风电、生态环保、综合燃气,各种常规能源和新能源的开发、生产、购销，以及城市固体废物处理、废水处理和城市燃气供应等。
22,28,国药一致,国药集团一致药业股份有限公司,广东,深圳市,412.63亿,11.57亿,39386,1993-08-09,--,,医药商业,药品、器械耗材、诊断试剂、仪器设备,医药分销和医药零售。
23,29,深深房A,深圳经济特区房地产(集团)股份有限公司,广东,深圳市,13.46亿,1.85亿,1578,1993-09-15,--,,房地产开发,住宅、商铺、车位,住宅地产开发。
24,30,富奥股份,富奥汽车零部件股份有限公司,吉林,长春市,71.93亿,8.19亿,7695,1993-09-29,--,,汽车零部件,零部件,汽车零部件的研发、生产和销售。
25,31,大悦城,大悦城控股集团股份有限公司,广东,深圳市,140.42亿,17.35亿,10186,1993-10-08,--,,房地产开发,商品房销售、一级土地开发、投资物业及相关服务、酒店经营、物业及其他管理,房地产开发、经营、销售、出租及管理住宅、商用物业，经营业态涵盖住宅、商业地产及部分产业地产。
26,32,深桑达A,深圳市桑达实业股份有限公司,广东,深圳市,18.82亿,5525.24万,20696,1993-10-28,--,,电子物流,电子信息、房地产及租赁、电子商贸、电子物流,电子制造、电子商贸、电子物流服务等在内的一体化现代电子信息服务。
27,34,神州数码,神州数码集团股份有限公司,广东,深圳市,622.16亿,7.23亿,5210,1994-05-09,--,,贸易,云计算和数字化转型业务、信息技术应用创新业务,云计算和数字化转型业务、信息技术应用创新业务、信息技术应用创新业务。
28,35,中国天楹,中国天楹股份有限公司,江苏,南通市,16.12亿,2.25亿,15326,1994-04-08,--,,垃圾发电,综合城市环境服务、废弃物处置与利用、水务综合管理、工业废弃物处置、环保装备制造,综合城市环境服务、废弃物处置与利用、水务综合管理、工业废弃物处置和环保装备制造。
29,36,华联控股,华联控股股份有限公司,广东,深圳市,39.72亿,13.72亿,749,1994-06-17,--,,房地产开发,房产销售、房地产出租、酒店收入,房地产开发和物业经营与服务管理业务。
30,37,深南电A,深圳南山热电股份有限公司,广东,深圳市,20.46亿,37.71万,392,1994-07-01,--,,火电,能源行业、工程劳务、污泥干化,生产经营供电供热、从事发电厂(站)的相关技术咨询和技术服务等。
31,38,*ST大通,深圳大通实业股份有限公司,广东,深圳市,15.10亿,3.58亿,394,1994-08-08,--,,网络媒体,煤炭、铁精粉贸易、广告发布、民间资本管理、保理业务、化妆品、纺织品、大麻CBD,生物科技板块、大健康板块、供应链服务及民间资本管理业务
32,39,中集集团,中国国际海运集装箱(集团)股份有限公司,广东,深圳市,763.00亿,31.58亿,69520,1994-04-08,--,,金属制品,集装箱、道路运输车辆、能源、化工、液态食品装备、海洋工程、空港设备、物流服务、金融、房地产、重卡,主要从事集装箱、道路运输车辆、能源/化工/液态食品装备、海洋工程装备、空港装备的制造及服务业务。
33,40,东旭蓝天,东旭蓝天新能源股份有限公司,广东,深圳市,81.31亿,5.40亿,425,1994-08-08,--,,太阳能,物业及房屋租赁、新能源、生态环保、供应链,"光伏电站投资、建设、运营,房地产开发与销售、物业管理等。"
34,42,中洲控股,深圳市中洲投资控股股份有限公司,广东,深圳市,86.54亿,6.09亿,2609,1994-09-21,--,,房地产开发,房地产、服务、酒店、施工,房地产开发。
35,45,深纺织A,深圳市纺织(集团)股份有限公司,广东,深圳市,14.76亿,7366.17万,1631,1994-08-15,--,,显示器件,物业及租赁、纺织品、偏光片,液晶显示用偏光片的研发、生产、营销。
36,46,泛海控股,泛海控股股份有限公司,北京,北京市,168.76亿,30.93亿,6172,1994-09-12,--,,房地产开发,房地产销售、物业出租、物业管理、装修工程、金融投资、金融贸易,金融业务和房地产业务。
37,48,京基智农,深圳市京基智农时代股份有限公司,广东,深圳市,15.50亿,-1.39亿,2293,1994-11-01,--,,饲料,农业、房地产业、金融,主要涉及现代农业及房地产业。
38,49,德赛电池,深圳市德赛电池科技股份有限公司,广东,深圳市,124.86亿,3.64亿,10565,1995-03-20,--,,电池,锂电池的电源管理及封装集成业务,锂电池电源管理系统及封装集成业务。
39,50,深天马A,天马微电子股份有限公司,广东,深圳市,238.24亿,15.35亿,26797,1995-03-15,--,,显示器件,电子元器件,从事显示器件及相关的材料、设备、产品的设计、制造、销售。
40,55,方大集团,方大集团股份有限公司,广东,深圳市,29.47亿,11.51亿,2959,1996-04-15,--,,其他建材,智慧幕墙系统及材料产业、轨道交通设备产业、新能源产业、房地产产业,高端幕墙系统及材料产业、轨道交通屏蔽门设备产业、新能源产业、房地产等业务。
序号,股票代码,股票简称,公司名称,省份,城市,主营业务收入(201712),净利润(201712),员工人数,上市日期,招股书,公司财报,行业分类,产品类型,主营业务
41,56,皇庭国际,深圳市皇庭国际企业股份有限公司,广东,深圳市,8.08亿,1.52亿,837,1996-07-08,--,,物业租赁、物业管理,商业运营服务、金融服务、融资租赁服务,商业不动产运营管理业务、资产管理业务以及各配套服务业务。
42,58,深赛格,深圳赛格股份有限公司,广东,深圳市,20.30亿,3.08亿,11590,1996-12-26,--,,专业市场,电子市场流通、智慧城市及城市服务、检验检测业务、新能源业务,以通信市场、电子专业市场为核心的电子市场流通业务，以检验检测与新能源为核心的战略性新兴业务，以物业经营及管理服务为核心的智慧城市及城市服务业务。
43,59,华锦股份,北方华锦化学工业股份有限公司,辽宁,盘锦市,337.14亿,19.41亿,8056,1997-01-30,--,,石油加工,原油加工及石油制品、聚烯烃类产品,石油化工产品、化学肥料的生产与销售。
44,60,中金岭南,深圳市中金岭南有色金属股份有限公司,广东,深圳市,190.16亿,10.94亿,9664,1997-01-23,--,,铅锌,精矿产品、冶炼产品、铝型材、幕墙门窗、电池材料、有色金属贸易业务,铅锌铜等有色金属的采矿、选矿、冶炼和深加工。
45,61,农产品,深圳市农产品集团股份有限公司,广东,深圳市,24.46亿,6117.25万,4807,1997-01-10,--,,专业市场,农产品流通、农产品供应链服务、农产品电子商务,农产品批发市场的开发、建设、经营和管理，大宗农产品电子交易和蔬菜种植等。
46,62,深圳华强,深圳华强实业股份有限公司,广东,深圳市,85.46亿,4.64亿,2246,1997-01-30,--,,专业市场,电子元器件授权分销分部、电子元器件产业互联网分部、电子元器件及电子终端产品实体交易市场分部、物业经营及其他分部,面向电子信息产业链的现代高端服务业，为产业链上的各环节提供线上线下交易服务、产品服务、技术服务、信息服务、数据服务和创新创业配套等服务，打造面向电子信息产业的国内一流线下、线上交易服务平台。
47,63,中兴通讯,中兴通讯股份有限公司,广东,深圳市,1088.15亿,53.86亿,73191,1997-11-18,--,,通信传输设备,运营商网络、消费者业务、政企业务,致力于为客户提供满意的ICT产品及解决方案，集“设计、开发、生产、销售、服务”等一体，聚焦于“运营商网络、政企业务、消费者业务”。
48,65,北方国际,北方国际合作股份有限公司,北京,北京市,97.30亿,5.43亿,1911,1998-06-05,--,,专业工程,国际工程承包、国内建筑工程、货物贸易、货运代理、金属包装容器、发电收入、其他,国际工程承包、国内建筑工程、重型装备出口贸易、物流服务、物流自动化设备系统集成服务、太阳能产品贸易及新能源项目开发、大宗商品贸易和金属包装容器的生产和销售。
49,66,中国长城,中国长城科技集团股份有限公司,广东,深圳市,95.07亿,6.96亿,16838,1997-06-26,--,,PC、服务器及硬件,高新电子、信息安全整机及解决方案、电源产品、园区及物业服务,计算机及相关设备制造，高新电子业务，涉及军事通信、卫星与定位导航、海洋信息安全产业及军用自主可控计算机及网络等领域。
50,68,华控赛格,深圳华控赛格股份有限公司,广东,深圳市,4.13亿,3264.41万,672,1997-06-11,--,,环保材料,环保、贸易业务、建筑工程,海绵城市建设、水务工程、智慧水务建设运营、EPC总承包和工程咨询设计及新开展的设备和大宗商品贸易等相关业务。
51,69,华侨城A,深圳华侨城股份有限公司,广东,深圳市,423.41亿,93.18亿,24526,1997-09-10,--,,景区,旅游综合业务、房地产,文化旅游业务、房地产业务。
52,70,特发信息,深圳市特发信息股份有限公司,广东,深圳市,54.73亿,2.41亿,2773,2000-05-11,--,,通信传输设备,光纤光缆、智能接入、军工信息化、智慧服务,“光纤光缆+智能接入+军工信息化+智能服务”四大产业的研发、生产和销售。
53,78,海王生物,深圳市海王生物工程股份有限公司,广东,深圳市,249.40亿,8.24亿,9657,1998-12-18,--,,医药商业,医药商业、医药制造及食品、保健品,生物制品、生化制品、海洋药物、海洋生物制品、中成药的生产销售。
54,88,盐田港,深圳市盐田港股份有限公司,广东,深圳市,3.44亿,4.33亿,847,1997-07-28,--,,港口,高速公路收费、港口货物装卸运输、仓储及其他服务,投资港口货物装卸与运输业务，码头建设工程管理，收费高速公路经营管理，海关监管仓和其他港口配套仓储经营。
55,89,深圳机场,深圳市机场股份有限公司,广东,深圳市,33.20亿,6.75亿,4935,1998-04-20,--,,机场,航空主业、航空增值、航空物流、航空广告,航空主业以及航空主业延伸出的非航空业务。
56,90,天健集团,深圳市天健(集团)股份有限公司,广东,深圳市,67.50亿,5.98亿,12534,1999-07-21,--,,专业工程,城市建设、综合开发、城市服务,提供商品住宅的开发及销售、工程施工劳务、物业租赁服务、物业管理服务、商业运营及服务。
57,96,广聚能源,深圳市广聚能源股份有限公司,广东,深圳市,12.43亿,1.55亿,325,2000-07-24,--,,石油天然气贸易,成品油、液化石油气、危险化学品,"成品油批发零售,化学品贸易,电力投资。"
58,99,中信海直,中信海洋直升机股份有限公司,广东,深圳市,12.70亿,9557.90万,1046,2000-07-31,--,,航空,海上石油、港口引航、陆上通航、通航维修、应急救援、海上风电,海上石油、港口引航、陆上通航、通航维修、应急救援、海上风电。
59,100,TCL科技,TCL科技集团股份有限公司,广东,惠州市,1117.27亿,35.45亿,65159,2004-01-30,--,,电视机,半导体显示业务、半导体光伏及半导体材料业务、产业金融及投资平台,"半导体显示业务,半导体光伏及半导体材料业务,产业金融及投资平台和其他业务"
60,150,*ST宜康,宜华健康医疗股份有限公司,广东,汕头市,21.16亿,1.84亿,7801,2000-08-07,--,,医疗服务,医疗机构投资及运营业务、养老社区投资及运营业务、医疗后勤服务业务、医疗专业工程业务,医疗机构运营及服务和养老社区运营及服务。
序号,股票代码,股票简称,公司名称,省份,城市,主营业务收入(201712),净利润(201712),员工人数,上市日期,招股书,公司财报,行业分类,产品类型,主营业务
61,151,中成股份,中成进出口股份有限公司,北京,北京市,22.29亿,8843.59万,1154,2000-09-06,--,,贸易,成套设备出口和工程承包、一般贸易、境外实业经营,成套设备与技术进出口、一般贸易和境外经营。
62,153,丰原药业,安徽丰原药业股份有限公司,安徽,合肥市,25.78亿,6534.81万,4538,2000-09-20,--,,化学制剂,注射剂、粉针类、散剂、片剂、胶囊剂、颗粒剂、贴剂、原料药,生物药、化学药及中药的研发、生产和销售；医药配送和药房零售。
63,155,川能动力,四川省新能源动力股份有限公司,四川,成都市,65.09亿,3.82亿,2933,2000-09-26,--,,氮肥,新能源综合服务业务、电力销售,新能源发电业务，即风力发电、光伏发电项目开发、建设和运营。
64,156,华数传媒,华数传媒控股股份有限公司,浙江,杭州市,32.09亿,6.41亿,12057,2000-09-06,--,,有线电视,信息传播,有线电视网络业务、全国范围内的新媒体业务、宽带网络及智慧城市业务等。
65,157,中联重科,中联重科股份有限公司,湖南,长沙市,232.73亿,12.48亿,26036,2000-10-12,--,,工程机械,工程机械、农业机械、金融服务,工程机械和农业机械的研发、制造、销售和服务。
66,158,常山北明,石家庄常山北明科技股份有限公司,河北,石家庄市,112.54亿,3.55亿,5068,2000-07-24,--,,棉纺,纺织、软件和信息技术服务,软件及信息技术服务和纺织两大板块。
67,159,国际实业,新疆国际实业股份有限公司,新疆,乌鲁木齐市,3.56亿,-7113.14万,547,2000-09-26,--,,石油天然气贸易,油品销售、房地产销售、仓储服务,油品等能源产品的采购、批发、仓储、铁路专运。
68,166,申万宏源,申万宏源集团股份有限公司,新疆,乌鲁木齐市,133.68亿,47.26亿,11547,2015-01-26,--,,证券,企业金融业务、个人金融业务、机构服务及交易业务、投资管理业务,金融投资、股权投资等。
69,301,东方盛虹,江苏东方盛虹股份有限公司,江苏,苏州市,162.99亿,14.29亿,24458,2000-05-29,--,,火电,化纤、石化、热电,民用涤纶长丝的研发、生产和销售以及PTA、热电的生产、销售等。
70,333,美的集团,美的集团股份有限公司,广东,佛山市,2419.19亿,186.11亿,165799,2013-09-18,--,,空调、小家电,制造业,以家电产业为主，涉足电机、物流等领域，旗下分为四大业务板块，分别为大家电、小家电、电机及物流。
71,338,潍柴动力,潍柴动力股份有限公司,山东,潍坊市,1515.69亿,91.78亿,82555,2007-04-30,--,,汽车零部件,动力总成、整车整机及关键零部件、智能物流、其他零部件,研究、生产及销售发动机及其零部件、重型汽车、重型汽车车桥、变速箱及其他汽车零部件等业务
72,400,许继电气,许继电气股份有限公司,河南,许昌市,103.29亿,6.82亿,5458,1997-04-18,--,,电气自控设备,智能变配电系统、智能中压供用电设备、智能电表、电动汽车智能充换电系统、直流输电系统、EMS加工服务,从事电力系统二次设备和一次设备的研制、销售
73,401,冀东水泥,唐山冀东水泥股份有限公司,河北,唐山市,251.68亿,9.40亿,22893,1996-06-14,--,,水泥,硅酸盐水泥、专用水泥、特种水泥,生产和销售水泥熟料、各类硅酸盐水泥和与水泥相关的建材产品，同时涵盖砂石骨料、环保、矿粉、外加剂等产业（业务）。
74,402,金融街,金融街控股股份有限公司,北京,北京市,255.19亿,41.03亿,3305,1996-06-26,--,,房地产开发,房产开发、物业租赁、物业经营,房地产开发和经营。
75,403,派林生物,派斯双林生物制药股份有限公司,山西,太原市,6.85亿,1524.47万,1627,1996-06-28,--,,生物医药,血液制品、细胞培养基,血液制品的研究、开发、生产和销售。
76,404,长虹华意,长虹华意压缩机股份有限公司,江西,景德镇市,81.14亿,2.12亿,7581,1996-06-19,--,,压缩机,压缩机 、原材料及配件、智能扫地机 、电池,冰箱压缩机、商用压缩机的研发、生产和销售。
77,407,胜利股份,山东胜利股份有限公司,山东,济南市,38.28亿,1.23亿,2091,1996-07-03,--,,燃气,天然气终端销售、天然气贸易、装备材料制造、油品贸易,清洁能源天然气业务推广和应用。
78,408,藏格矿业,藏格矿业股份有限公司,青海,海西蒙古族藏族自治州,31.73亿,12.17亿,1548,1996-06-28,--,,钾肥,生产农用复合肥料、贸易业务,氯化钾、碳酸锂的研发、生产与销售。
79,409,云鼎科技,云鼎科技股份有限公司,山东,济南市,14.30亿,-2.71亿,643,1996-06-27,--,,综合,智能矿山系统解决方案、工业智能产品、“北斗+”智慧产品、ERP实施和运维服务、煤气化技术及其相关应用的系统整体方案,信息化技术服务和煤气化技术推广业务。
80,410,*ST沈机,沈阳机床股份有限公司,辽宁,沈阳市,41.89亿,1.08亿,3171,1996-07-18,--,,机床设备,机床、机床配套,产品研发、机床制造、销售服务、行业解决方案、机床零部件配套等。
序号,股票代码,股票简称,公司名称,省份,城市,主营业务收入(201712),净利润(201712),员工人数,上市日期,招股书,公司财报,行业分类,产品类型,主营业务
81,411,英特集团,浙江英特集团股份有限公司,浙江,杭州市,189.07亿,1.91亿,2800,1996-07-16,--,,医药商业,医药批发、医药零售,药品、医疗器械批发及零售业务。
82,413,东旭光电,东旭光电科技股份有限公司,河北,石家庄市,172.77亿,19.21亿,3718,1996-09-25,--,,显示器件,光电显示材料、装备及技术服务、石墨烯产业化应用、新能源汽车、建筑安装、电子通讯产品,光电显示材料、高端装备制造、新能源汽车制造。
83,415,渤海租赁,渤海租赁股份有限公司,新疆,乌鲁木齐市,359.34亿,31.56亿,595,1996-07-16,--,,其他非银行金融,融资租赁、融资租赁咨询、经营租赁、集装箱租赁、集装箱销售、飞机销售、飞机租赁,为境内外客户提供全方位的飞机租赁、集装箱租赁、基础设施租赁、大型设备租赁等租赁服务。
84,416,民生控股,民生控股股份有限公司,山东,青岛市,7141.84万,2976.15万,47,1996-07-19,--,,其他非银行金融,典当业务、保险经纪业务、商品零售、其他,典当业务及保险经纪业务。
85,417,合肥百货,合肥百货大楼集团股份有限公司,安徽,合肥市,103.90亿,2.96亿,8166,1996-08-12,--,,百货,百货业（含家电）、超市业、农产品交易市场、房地产,零售业、农产品交易市场两大类业务。
86,419,通程控股,长沙通程控股股份有限公司,湖南,长沙市,40.45亿,1.48亿,1599,1996-08-16,--,,百货,商业零售、酒店旅游,商业零售、酒店旅游、典当、保理。
87,420,吉林化纤,吉林化纤股份有限公司,吉林,吉林市,21.98亿,8542.14万,5120,1996-08-02,--,,粘胶纤维,粘胶长丝、醋酐、粘胶短纤、亚硫酸氢钠,粘胶纤维的生产和销售。
88,421,南京公用,南京公用发展股份有限公司,江苏,南京市,36.09亿,2.49亿,3061,1996-08-06,--,,燃气,汽车营运、房产开发、汽车销售、旅游服务、燃气销售、工程施工,燃气销售、房地产开发及客运产业。
89,422,湖北宜化,湖北宜化化工股份有限公司,湖北,宜昌市,119.55亿,-51.52亿,7998,1996-08-15,--,,氮肥,尿素、精细化工产品、电力产品、氯碱产品、聚氯乙烯、磷酸二铵、贸易业务,化肥产品(尿素、磷酸二铵等)、化工产品(聚氯乙烯、烧碱等)的生产、销售。
90,423,东阿阿胶,东阿阿胶股份有限公司,山东,聊城市,73.72亿,20.44亿,4180,1996-07-29,--,,中药生产,阿胶及系列产品、医药贸易、其他药品及保健品、毛驴养殖及销售、其他,从事阿胶及阿胶系列产品的研发、生产和销售。
91,425,徐工机械,徐工集团工程机械股份有限公司,江苏,徐州市,291.31亿,10.29亿,15483,1996-08-28,--,,工程机械,工程机械,主要从事工程起重机械、铲运机械、压实机械、混凝土机械、路面机械、消防机械、其他工程机械及工程机械备件的研发、制造和销售。
92,426,兴业矿业,内蒙古兴业矿业股份有限公司,内蒙古,赤峰市,21.11亿,5.54亿,673,1996-08-28,--,,铅锌,锌精粉、铁精粉、铅精粉、钨精粉、含铅银精粉、含铜银精粉、锡精粉,有色金属采选及冶炼。
93,428,华天酒店,华天酒店集团股份有限公司,湖南,长沙市,10.63亿,-7069.54万,3354,1996-08-08,--,,酒店,酒店业、房地产业、酒店资产运营,酒店服务业。
94,429,粤高速A,广东省高速公路发展股份有限公司,广东,广州市,30.89亿,17.10亿,2983,1998-02-20,--,,高速公路,公路运输,收费高速公路、桥梁的投资、建设、收费和养护管理。
95,430,张家界,张家界旅游集团股份有限公司,湖南,张家界市,5.50亿,6602.45万,1027,1996-08-29,--,,景区,旅行社服务、旅游客运、旅游服务、酒店服务、租赁服务、销售服务,旅游项目经营；旅游客运；旅行社经营；旅游客运索道经营；其他：酒店经营、房屋租赁、广告代理等。
96,488,晨鸣纸业,山东晨鸣纸业集团股份有限公司,山东,潍坊市,294.72亿,37.59亿,11736,2000-11-20,--,,造纸,制浆、造纸,机制纸及板纸和造纸原料、造纸机械、电力、热力的生产与销售
97,498,山东路桥,山东高速路桥集团股份有限公司,山东,济南市,123.85亿,5.78亿,24686,1997-06-09,--,,路桥建设,路桥工程施工、路桥养护施工、周转材料及设备租赁销售、商品混凝土加工销售、工程设计咨询,路桥工程施工与养护施工。
98,501,武商集团,武商集团股份有限公司,湖北,武汉市,181.22亿,12.41亿,9373,1992-11-20,--,,百货,商品销售,从事购物中心及超市业态的商品销售业务。
99,502,绿景退,绿景控股股份有限公司,广东,广州市,2206.13万,-8477.38万,142,1992-11-23,--,,房地产开发,房地产业(房产销售及租赁)、房地产业(物业管理)、医疗服务,互联网数据中心服务业务。
100,503,国新健康,国新健康保障服务集团股份有限公司,海南,海口市,1.84亿,-29.97万,1572,1992-11-30,--,,电子商务B2B,大健康服务,医药电子商务、医疗福利管理等。
序号,股票代码,股票简称,公司名称,省份,城市,主营业务收入(201712),净利润(201712),员工人数,上市日期,招股书,公司财报,行业分类,产品类型,主营业务
101,504,南华生物,南华生物医药股份有限公司,湖南,长沙市,6739.30万,-3624.92万,539,1992-12-08,--,,节能环保,节能技术服务、生物医药,生物医药、节能环保。
102,505,京粮控股,海南京粮控股股份有限公司,海南,海口市,79.18亿,2.09亿,2770,1992-12-21,--,,房地产开发,油脂油料、食品制造,油脂油料加工销售及贸易和食品制造。
103,506,中润资源,中润资源投资股份有限公司,山东,济南市,7.69亿,-4.75亿,1482,1993-03-12,--,,黄金,房地产、黄金,以黄金为主要品种的矿业开采与房地产开发建设、销售及自有房产的出租。
104,507,珠海港,珠海港股份有限公司,广东,珠海市,19.60亿,1.66亿,5608,1993-03-26,--,,港口,码头运营服务、物流贸易、物流服务、物业管理、综合能源、饮料食品,港口的投资、运营以及船舶运输等业务;电力能源、新能源产业以及管道燃气;港城建设、物业管理及生产制造。
105,509,华塑控股,华塑控股股份有限公司,四川,成都市,22.41亿,1237.43万,464,1993-05-07,--,,其他建材,电子产品、医疗服务、房租收入、会展服务收入及其他,全科医疗服务及舞台美术视觉呈现、视觉工程制作实施等相关业务、电子信息显示终端的研发、设计、生产和销售服务业务。
106,510,新金路,四川新金路集团股份有限公司,四川,德阳市,17.28亿,4228.80万,2396,1993-05-07,--,,氯碱,氯乙烯树脂、碱,从事PVC树脂和烧碱的生产与销售。
107,513,丽珠集团,丽珠医药集团股份有限公司,广东,珠海市,85.31亿,44.88亿,8693,1993-10-28,--,,化学制剂,化学制剂、生物药、原料药及中间体、中药制剂、诊断试剂及设备,医药产品的研发、生产及销售。
108,514,渝开发,重庆渝开发股份有限公司,重庆,重庆市,10.41亿,9849.10万,831,1993-07-12,--,,房地产开发,房地产业、租赁和商务服务业,主要从事房地产开发与销售业务。
109,516,国际医学,西安国际医学投资股份有限公司,陕西,西安市,40.60亿,1.90亿,8116,1993-08-09,--,,百货,医疗、软件和信息技术服务,大健康医疗服务和现代医学技术转化应用。
110,517,荣安地产,荣安地产股份有限公司,浙江,宁波市,42.64亿,5.42亿,1155,1993-08-06,--,,房地产开发,房屋销售,房地产开发、经营；建设工程承包等。
111,518,四环生物,江苏四环生物股份有限公司,江苏,无锡市,3.46亿,1065.03万,254,1993-09-08,--,,生物医药,注射剂、药品、用材林、景观工程、养护工程,从事生物医药制品、生产和销售以及绿化园林工程业务。
112,519,中兵红箭,中兵红箭股份有限公司,湖南,湘潭市,47.75亿,1.20亿,8585,1993-10-08,--,,超硬材料,超硬材料及其制品、特种装备、改装汽车、汽车零部件,超硬材料及其制品和内燃机配件的研发、生产、销售。
113,520,长航凤凰,长航凤凰股份有限公司,湖北,武汉市,8.32亿,5081.98万,119,1993-10-25,--,,航运,干散货运输、船员派遣服务、资产出租,干散货航运及港航物流服务业。
114,521,长虹美菱,长虹美菱股份有限公司,安徽,合肥市,167.97亿,3609.45万,12815,1993-10-18,--,,冰箱、空调,家用电器,冰箱、冰柜、空调、洗衣机白色家电产品研发、生产与销售。
115,523,广州浪奇,广州市浪奇实业股份有限公司,广东,广州市,118.11亿,3379.96万,850,1993-11-08,--,,洗涤产品,化工原料、日化产品、糖制品、饮料,绿色日化板块、健康食品板块
116,524,岭南控股,广州岭南集团控股股份有限公司,广东,广州市,63.92亿,1.85亿,4843,1993-11-18,--,,餐饮,旅游业服务,为集商旅出行、住宿、会展、景区、汽车服务等业务为一体。
117,525,ST红太阳,南京红太阳股份有限公司,江苏,南京市,50.72亿,7.23亿,3117,1993-10-28,--,,农药,中间体、除草剂、杀虫剂、杀菌剂、农药制剂,原药和制剂产品的生产销售、化肥生态肥的销售。
118,526,学大教育,学大(厦门)教育科技集团股份有限公司,福建,厦门市,28.12亿,2258.00万,6713,1993-11-01,--,,教育培训,教育培训服务、房屋租赁、设备租赁,教育培训服务。
119,528,柳工,广西柳工机械股份有限公司,广西,柳州市,119.39亿,3.69亿,17122,1993-11-18,--,,工程机械,土石方机械、其他工程机械及配件、融资租赁,工程机械及关键零部件的研发、生产、销售和服务。
120,529,广弘控股,广东广弘控股股份有限公司,广东,广州市,23.06亿,1.56亿,1675,1993-11-18,--,,肉制品,食品板块、农牧板块、教育板块,食品冷藏、物流配送、畜禽养殖和食品加工；图书、电子出版物总发行、销售。
序号,股票代码,股票简称,公司名称,省份,城市,主营业务收入(201712),净利润(201712),员工人数,上市日期,招股书,公司财报,行业分类,产品类型,主营业务
121,530,冰山冷热,冰山冷热科技股份有限公司,辽宁,大连市,20.80亿,2.05亿,2485,1993-12-08,--,,制冷空调设备,制冷空调设备,工业制冷、食品冷冻冷藏、中央及商用空调以及制冷部件等制冷设备的生产和安装。
122,531,穗恒运A,广州恒运企业集团股份有限公司,广东,广州市,29.65亿,2.02亿,1230,1994-01-06,--,,火电,电力、房地产、环保及其他、蒸汽,电力、热力的生产和销售。
123,532,华金资本,珠海华金资本股份有限公司,广东,珠海市,4.79亿,6476.27万,976,1994-01-03,--,,电子零部件,电子设备制造业、电子器件制造业、公共设施服务业、投资与管理、医疗器械业,投资与管理、电子设备制造、电子器件制造、水质净化、医疗器械。
124,533,顺钠股份,广东顺钠电气股份有限公司,广东,佛山市,82.67亿,6662.72万,1245,1994-01-03,--,,厨卫电器,输配电设备业务、大宗商品贸易及供应链管理,输配电设备业务、大宗商品贸易及供应链管理业务。
125,534,万泽股份,万泽实业股份有限公司,广东,汕头市,2.55亿,7720.06万,1038,1994-01-10,--,,房地产开发,微生态活菌产品、高温合金,微生态活菌产品、高温合金及其制品的研发、生产及销售。
126,536,华映科技,华映科技(集团)股份有限公司,福建,福州市,48.89亿,1.98亿,3150,1993-11-26,--,,显示器件,模组、盖板玻璃、面板,显示模组业务、盖板玻璃业务、面板业务。
127,537,广宇发展,天津中绿电投资股份有限公司,天津,天津市,216.43亿,22.18亿,1519,1993-12-10,--,,房地产开发,房地产开发、宾馆酒店服务、经营租赁、物业服务,"风能和太阳能投资,开发,运营。"
128,538,云南白药,云南白药集团股份有限公司,云南,昆明市,243.15亿,31.33亿,8464,1993-12-15,--,,中药生产,工业产品(自制)、批发零售、农产品、其他服务,自制工业品的研发、生产和销售，以及药品批发零售业务。
129,539,粤电力A,广东电力发展股份有限公司,广东,广州市,266.44亿,11.38亿,8741,1993-11-26,--,,火电,售电、蒸气、粉煤灰综合利用、销售材料、劳务,电力项目的投资、建设和经营管理，电力的生产和销售业务。
130,540,中天金融,中天金融集团股份有限公司,贵州,贵阳市,172.64亿,21.44亿,5129,1994-02-02,--,,房地产开发,地产业务、金融业务,房地产、证券、保险等业务。
131,541,佛山照明,佛山电器照明股份有限公司,广东,佛山市,38.00亿,7.46亿,9287,1993-11-23,--,,照明设备,LED照明、传统照明、机动车灯具、开关、插座,研发、生产、销售高品质的绿色节能照明产品和机动车车灯产品、电工产品，并为客户提供整套的照明、电工解决方案和机动车车灯设计方案。
132,543,皖能电力,安徽省皖能股份有限公司,安徽,合肥市,122.07亿,7929.25万,3585,1993-12-20,--,,火电,电力、供热、煤炭、运输,电力、节能及相关项目投资、经营。
133,544,中原环保,中原环保股份有限公司,河南,郑州市,9.76亿,3.23亿,1757,1993-12-08,--,,污水处理,污水处理、供热销售、工程施工及管理,供水、城镇污水处理、农村污水治理、污泥处置、中水利用、集中供热、建筑垃圾资源化处置利用、环保设备制造、光伏发电、市政建设、园林绿化、水环境综合治理及技术研发等。
134,545,金浦钛业,金浦钛业股份有限公司,吉林,吉林市,17.41亿,1.66亿,1044,1993-12-15,--,,其他化学原料,钛白粉,钛白粉生产及销售。
135,546,金圆股份,金圆环保股份有限公司,吉林,长春市,50.73亿,4.02亿,2940,1993-12-15,--,,水泥,建材、环保、新材料,水泥、辅料及水泥制品生产、销售，建筑材料制作及技术服务。
136,547,航天发展,航天工业发展股份有限公司,福建,福州市,24.91亿,3.19亿,2917,1993-11-30,--,,通信传输设备,数字蓝军与蓝军装备产品、海洋信息装备产品、新一代通信与指控装备产品、网络空间安全产品、微系统产品,以电子信息科技为主业，致力于军用、民用产业领域。
137,548,湖南投资,湖南投资集团股份有限公司,湖南,长沙市,9.71亿,1.22亿,820,1993-12-20,--,,高速公路,高速公路建设运营、资产管理和物业服务、酒店投资经营、城市综合体投资开发,高速公路建设运营、资产管理和物业服务、酒店投资经营、城市综合体投资开发。
138,550,江铃汽车,江铃汽车股份有限公司,江西,南昌市,313.46亿,6.91亿,12930,1993-12-01,--,,商用车,商用车、SUV、相关零部件,生产和销售商用车、SUV以及相关的零部件。
139,551,创元科技,创元科技股份有限公司,江苏,苏州市,25.91亿,1.35亿,2798,1994-01-06,--,,综合,设备及工程、输变电高压瓷绝缘子、精密轴承、测绘仪器、磨具磨料、贸易、服务,洁净环保设备、高压电瓷、轴承滚针、测绘仪器、磨具磨料、代理出口贸易等。
140,552,靖远煤电,甘肃靖远煤电股份有限公司,甘肃,白银市,39.81亿,5.53亿,12361,1994-01-06,--,,煤炭开采洗选,煤炭、发电,煤炭开采和销售。
序号,股票代码,股票简称,公司名称,省份,城市,主营业务收入(201712),净利润(201712),员工人数,上市日期,招股书,公司财报,行业分类,产品类型,主营业务
141,553,安道麦A,安道麦股份有限公司,湖北,荆州市,238.20亿,15.46亿,9201,1993-12-03,--,,农药,除草剂、杀虫剂、杀菌剂、精细化工产品(非农),农药、化工产品的制造和销售，农药、化工产品及其中间体的进出口贸易
142,554,泰山石油,中国石化山东泰山石油股份有限公司,山东,泰安市,27.19亿,284.67万,1135,1993-12-15,--,,石油天然气贸易,汽油、柴油、天然气,主要从事成品油批发零售业务以及非油品业务。
143,555,神州信息,神州数码信息服务股份有限公司,广东,深圳市,81.87亿,3.18亿,13361,1994-04-08,--,,其他软件服务,系统集成、软件开发及技术服务,技术服务、农业信息化、应用软件开发、金融专用设备相关业务及集成解决方案。
144,557,西部创业,宁夏西部创业实业股份有限公司,宁夏,银川市,6.60亿,8699.15万,1111,1994-06-17,--,,铁路运输,货运、住宿餐饮、葡萄酒,铁路运输、供应链服务、葡萄酒销售。
145,558,莱茵体育,莱茵达体育发展股份有限公司,浙江,杭州市,13.24亿,4496.12万,60,1994-05-09,--,,体育运营,体育运营、房地产销售及租赁、能源及贸易销售,体育运营、房地产销售及租赁、能源及贸易销售
146,559,万向钱潮,万向钱潮股份公司,浙江,杭州市,111.54亿,9.24亿,7961,1994-01-10,--,,汽车零部件,汽车零部件,汽车零部件及相关机电产品的开发、制造和销售。
147,560,我爱我家,我爱我家控股集团股份有限公司,云南,昆明市,13.19亿,7576.63万,50493,1994-02-02,--,,百货,资产管理、经纪业务、新房业务、商品销售、商业租赁及服务、房地产开发、物业服务、旅游服务,包含房地产经纪服务、房屋资产管理、商业资产管理。
148,561,烽火电子,陕西烽火电子股份有限公司,陕西,宝鸡市,12.17亿,8891.02万,2889,1994-05-09,--,,通信终端设备,短波通信设备、超短波通信设备、航空搜救定位设备、车机内音频控制系统、电声器材,从事通信装备及电声器材的科研、生产、销售。
149,563,陕国投A,陕西省国际信托股份有限公司,陕西,西安市,11.51亿,3.52亿,631,1994-01-10,--,,信托,金融信托业务,信托业务、固有业务和投资顾问等中介业务。
150,564,ST大集,供销大集集团股份有限公司,陕西,西安市,277.90亿,14.74亿,3031,1994-01-10,--,,百货,批发零售连锁经营商业业务、地产业务、金融业务,城乡商品流通综合服务运营。
151,565,渝三峡A,重庆三峡油漆股份有限公司,重庆,重庆市,36.09亿,8112.54万,913,1994-04-08,--,,涂料涂漆,油漆产品,油漆涂料的生产销售。
152,566,海南海药,海南海药股份有限公司,海南,海口市,18.25亿,8120.67万,2589,1994-05-25,--,,化学制剂,抗生素系列、胃肠道用药系列、抗肿瘤药系列、人工耳蜗系列、原料药及其中间体系列,药品及医疗器械研发、生产和销售。
153,567,海德股份,海南海德资本管理股份有限公司,海南,海口市,2.03亿,7326.83万,66,1994-05-25,--,,其他非银行金融,资产管理,不良资产收购处置类业务、不良资产收购重组类业务、不良资产ABS业务以及事务管理类业务。
154,568,泸州老窖,泸州老窖股份有限公司,四川,泸州市,103.95亿,26.02亿,3434,1994-05-09,--,,白酒,白酒,“国窖1573”、“泸州老窖”等系列白酒的研发、生产和销售。
155,570,苏常柴A,常柴股份有限公司,江苏,常州市,24.23亿,4713.72万,2764,1994-07-01,--,,内燃机,柴油机、汽油机,从事“常柴”牌柴油机及“常柴罗宾”牌汽油机的研发、生产及销售。
156,571,ST大洲,新大洲控股股份有限公司,海南,海口市,16.03亿,4470.77万,3030,1994-05-25,--,,煤炭开采洗选,食品、煤炭、物流运输,煤炭采掘、牛肉食品、物流的经营。
157,572,海马汽车,海马汽车股份有限公司,海南,海口市,100.79亿,-14.15亿,2207,1994-08-08,--,,乘用车,整车、配件销售、劳务,汽车制造及服务。
158,573,粤宏远A,东莞宏远工业区股份有限公司,广东,东莞市,5.66亿,3162.54万,252,1994-08-15,--,,房地产开发,出租、售楼、水电、煤、废旧铅蓄电池回收,房地产开发。
159,576,甘化科工,广东甘化科工股份有限公司,广东,江门市,4.75亿,-2.84亿,326,1994-09-07,--,,造纸,军工业务、食糖贸易,食糖贸易业务和电源产品、预制破片等军工产品的研发、生产、销售。
160,581,威孚高科,无锡威孚高科技集团股份有限公司,江苏,无锡市,90.17亿,26.47亿,5340,1998-09-24,--,,汽车零部件,汽车燃油喷射系统、汽车后处理系统、进气系统,汽车核心零部件产品的研发、生产和销售。
序号,股票代码,股票简称,公司名称,省份,城市,主营业务收入(201712),净利润(201712),员工人数,上市日期,招股书,公司财报,行业分类,产品类型,主营业务
161,582,北部湾港,北部湾港股份有限公司,广西,南宁市,37.11亿,6.43亿,8378,1995-11-02,--,,港口,装卸堆存、拖轮及港务管理、物流代理业务、理货业务,为客户提供集装箱和散杂货的港口装卸、堆存及船舶港口等服务。
162,584,哈工智能,江苏哈工智能机器人股份有限公司,江苏,无锡市,15.72亿,1.15亿,1253,1995-11-28,--,,氨纶,高端装备制造、机器人一站式平台、房地产,智能制造。
163,585,东电退,东北电气发展股份有限公司,海南,海口市,3298.59万,-3.98亿,416,1995-12-13,--,,其他输变电设备,封闭母线、酒店餐饮住宿业,输变电设备相关产品的研发、设计、生产和销售及酒店餐饮和住宿业务。
164,586,汇源通信,四川汇源光通信股份有限公司,四川,成都市,3.90亿,94.63万,458,1995-12-20,--,,通信传输设备,光缆产品、通信工程服务,"通信光纤和电力光缆,在线监测,塑料光纤,通信工程施工和高速机电工程。"
165,587,*ST金洲,金洲慈航集团股份有限公司,黑龙江,伊春市,116.98亿,11.10亿,43,1996-04-25,--,,珠宝首饰,黄金类业务、铂金类业务、白银类业务、镶嵌类业务、18K金饰品、工艺美术品、融资租赁业务、短融业务、保理业务,黄金珠宝首饰研发设计、加工制造、批发零售及品牌加盟，融资租赁。
166,589,贵州轮胎,贵州轮胎股份有限公司,贵州,贵阳市,69.60亿,-2.22亿,6174,1996-03-08,--,,轮胎,轮胎,商用轮胎研发、生产及销售。
167,590,启迪药业,启迪药业集团股份公司,湖南,衡阳市,3.44亿,990.60万,1214,1996-01-19,--,,中药生产,中成药、西药制剂,研究、开发中国中药传统秘方、验方和西药制剂，生产古汉养生精（口服液、片剂）、养心定悸颗粒、健肾壮腰丸等中成药以及大容量注射剂、原料药、五维赖氨酸口服溶液等西药制剂。
168,591,太阳能,中节能太阳能股份有限公司,重庆,重庆市,52.05亿,8.11亿,1859,1996-02-08,--,,新能源发电,太阳能发电、太阳能产品制造,"太阳能光伏电站的投资运营,以及太阳能电池组件的生产销售。"
169,592,平潭发展,中福海峡(平潭)发展股份有限公司,福建,福州市,8.48亿,-687.32万,1116,1996-03-27,--,,木材加工,林木原木、纤维板、农资贸易流通、生物与新医药产品,造林营林、林木产品加工与销售、以烟草化肥销售为主的农资贸易业务和与平潭综合实验区开发项目的有关业务。
170,593,德龙汇能,德龙汇能集团股份有限公司,四川,成都市,4.86亿,2681.59万,1039,1996-03-12,--,,燃气,商业零售、燃气供应、能源站发电制冷,以天然气能源为主的清洁能源供应业务。
171,595,宝塔实业,宝塔实业股份有限公司,宁夏,银川市,4.36亿,2783.79万,942,1996-04-19,--,,基础件,机械制造、设备制造,轴承、船舶电器的生产与销售。
172,596,古井贡酒,安徽古井贡酒股份有限公司,安徽,亳州市,69.68亿,11.85亿,10745,1996-09-27,--,,白酒,白酒业务、酒店业务,主要从事白酒的生产和销售。
173,597,东北制药,东北制药集团股份有限公司,辽宁,沈阳市,56.76亿,9205.77万,7102,1996-05-23,--,,化学原料药,维生素类、抗感染类、生殖系统和性激素类、神经系统类、抗艾滋病类、消化道类、麻精及含麻系列类、其他普药类、体外（生物）诊断试剂类、大健康领域,生产和销售化学原料药品及制剂药品、经营医药产品批发及零售、生物制剂的生产与销售。
174,598,兴蓉环境,成都市兴蓉环境股份有限公司,四川,成都市,37.31亿,9.16亿,4421,1996-05-29,--,,污水处理,自来水业务、污水处理及中水利用业务、环保业务、工程业务,自来水供应、污水处理及垃圾渗滤液处理。
175,599,青岛双星,青岛双星股份有限公司,山东,青岛市,39.98亿,1.02亿,4009,1996-04-30,--,,轮胎,轮胎制造业、机械制造业,轮胎产品的生产、制造、研发及销售。
176,600,建投能源,河北建投能源投资股份有限公司,河北,石家庄市,105.69亿,3.12亿,4997,1996-06-06,--,,火电,燃煤火力发电、供热、新能源项目,投资、建设、经营管理以电力生产为主的能源项目。
177,601,韶能股份,广东韶能集团股份有限公司,广东,韶关市,35.94亿,4.58亿,4576,1996-08-30,--,,火电,能源（电力）、生态植物纤维制品、精密（智能）制造,成能源（电力）、生态植物纤维制品、精密（智能）制造。
178,603,盛达资源,盛达金属资源股份有限公司,北京,北京市,13.34亿,4.62亿,1569,1996-08-23,--,,铅锌,有色金属采选、有色金属贸易,有色金属矿的采选和销售。
179,605,渤海股份,渤海水业股份有限公司,北京,北京市,16.63亿,1.75亿,1382,1996-09-13,--,,水务,原水、自来水、污水处理、工程、供热、中水处理、污泥处理,原水和自来水开发供应、管道输水运输、供水设施管理、维护和保养、水务基础设施投资建设及运营管理。
180,606,*ST顺利,顺利办信息服务股份有限公司,青海,西宁市,5.16亿,7014.46万,465,1996-10-04,--,,其他互联网服务,企业互联网服务,互联网服务业务。
序号,股票代码,股票简称,公司名称,省份,城市,主营业务收入(201712),净利润(201712),员工人数,上市日期,招股书,公司财报,行业分类,产品类型,主营业务
181,607,华媒控股,浙江华媒控股股份有限公司,浙江,杭州市,18.32亿,2.10亿,3124,1996-08-30,--,,营销服务,广告策划发布、报刊发行与印刷、教育,经营广告、报刊发行、印刷及新媒体业务、教育培训。
182,608,阳光股份,阳光新业地产股份有限公司,广西,南宁市,5.34亿,1.90亿,150,1996-09-19,--,,房地产开发,开发产品销售、商业租赁、写字楼租赁、商业运营,商业运营管理业务、物业租赁业务以及住宅、商住尾盘销售业务。
183,609,中迪投资,北京中迪投资股份有限公司,北京,北京市,2.71亿,1.34亿,108,1996-10-10,--,,综合,房地产开发、融资租赁业务,投资及投资管理、房地产开发和融资租赁。
184,610,西安旅游,西安旅游股份有限公司,陕西,西安市,7.30亿,-2012.53万,438,1996-09-26,--,,景区,旅行社、酒店、商贸,酒店经营管理、餐饮服务、旅行社、商业地产开发租赁、企业管理咨询、物业管理服务和劳务输出等。
185,611,天首退,内蒙古天首科技发展股份有限公司,内蒙古,包头市,4077.93万,-2152.78万,79,1996-10-08,--,,纺织,动力煤业务、设备租赁、钾肥业务、纺织业、供电、土地租赁,建设键合材料生产项目、建设钾肥造粒项目
186,612,焦作万方,焦作万方铝业股份有限公司,河南,焦作市,50.17亿,1.76亿,2318,1996-09-26,--,,铝,电解铝液、铝锭及铝合金制品,铝冶炼及加工，铝制品、金属材料销售。
187,613,东海A退,海南大东海旅游中心股份有限公司,海南,三亚市,2790.66万,285.90万,109,1997-01-28,--,,酒店,旅游饮食服务,酒店住宿和餐饮服务。
188,615,奥园美谷,奥园美谷科技股份有限公司,湖北,襄阳市,27.95亿,4.18亿,3130,1996-10-16,--,,房地产开发,粘胶系列、房地产销售、医疗美容服务,纤新材料业务和医疗美容业务。
189,616,ST海投,海航投资集团股份有限公司,辽宁,大连市,9670.73万,792.84万,139,1996-11-08,--,,房地产开发,房地产业务、养老服务,商品住宅及商铺的开发和销售、基金管理以及养老服务
190,617,中油资本,中国石油集团资本股份有限公司,新疆,克拉玛依市,293.05亿,135.12亿,4292,1996-10-22,--,,其他非银行金融,银行业务、财务公司业务、金融租赁业务、信托业务、保险业务、保险经纪业务、证券业务、信用增进业务,银行业务、财务公司业务、金融租赁业务、信托业务、保险业务、保险经纪业务、证券业务、信用增进业务与智能化数字化业务。
191,619,海螺新材,海螺(安徽)节能环保新材料股份有限公司,安徽,芜湖市,30.88亿,1478.16万,4443,1996-10-23,--,,其他建材,建材、环保新材料,中高档塑料型材、门窗等的生产、销售以及科研开发。
192,620,新华联,新华联文化旅游发展股份有限公司,北京,北京市,74.41亿,8.53亿,6660,1996-10-29,--,,房地产开发,商品房销售、文旅综合行业,文旅景区开发与运营、房地产项目开发建设、施工总承包、商业管理、酒店管理、物业服务、旅游服务。
193,622,恒立实业,恒立实业发展集团股份有限公司,湖南,岳阳市,5873.31万,-3669.78万,129,1996-11-07,--,,汽车零部件,乙二醇、氯化钴、三元前驱体、金属镍、煤炭、金属钴、国债逆回购、车用空调,汽车空调及零部件业务和贸易。
194,623,吉林敖东,吉林敖东药业集团股份有限公司,吉林,延边朝鲜族自治州,29.77亿,18.45亿,4613,1996-10-28,--,,中药生产,中成药、化学药品、食品,从事中成药、生物化学药研发、制造和销售。
195,625,长安汽车,重庆长安汽车股份有限公司,重庆,重庆市,800.12亿,72.08亿,42444,1997-06-10,--,,乘用车,销售商品、劳务,整车（含乘用车、商用车）的研发、制造和销售以及发动机的研发、生产。
196,626,远大控股,远大产业控股股份有限公司,江苏,连云港市,1015.25亿,-3.72亿,811,1996-11-28,--,,贸易,生物农药、食用油脂、商品贸易、物流代理,贸易、油脂、生态农业。
197,627,天茂集团,天茂实业集团股份有限公司,湖北,荆门市,534.06亿,26.78亿,2239,1996-11-12,--,,保险,保险、医药、化工,通过控股子公司国华人寿从事保险业务。
198,628,高新发展,成都高新发展股份有限公司,四川,成都市,5.73亿,2911.79万,1200,1996-11-18,--,,专业工程,建筑施工、智慧城市建设、运营及相关服务、期货及相关业务,建筑业和智慧城市建设、运营及相关服务业务。
199,629,钒钛股份,攀钢集团钒钛资源股份有限公司,四川,攀枝花市,94.36亿,9.20亿,3278,1996-11-15,--,,普钢,钒、钛、电,钒产品、钛渣、钛白粉的生产、销售、技术研发和应用开发。
200,630,铜陵有色,铜陵有色金属集团股份有限公司,安徽,铜陵市,824.29亿,7.29亿,11832,1996-11-20,--,,铜,阴极铜、硫酸、黄金、白银、铜箔、铜板带,铜、铁、硫金矿采选，铜、金、银、稀有贵金属冶炼及压延加工，硫酸、电子产品生产、铜加工产品等。
序号,股票代码,股票简称,公司名称,省份,城市,主营业务收入(201712),净利润(201712),员工人数,上市日期,招股书,公司财报,行业分类,产品类型,主营业务
201,631,顺发恒业,顺发恒业股份公司,吉林,长春市,66.82亿,7.58亿,531,1996-11-22,--,,房地产开发,房地产行业、租赁物业收入、物业服务管理、风力发电,房地产开发与经营。
202,632,三木集团,福建三木集团股份有限公司,福建,福州市,66.61亿,6138.70万,570,1996-11-21,--,,综合,建筑材料和金属材料、商品房及土地开发、化工产品、日用百货、船舶物料、食品与食品加工、机电产品、纺织品、物管费、租赁、酒店服务业、基金管理费、基金顾问费,进出口贸易、房地产开发、经营性物业运营管理和创业投资等。
203,633,合金投资,新疆合金投资股份有限公司,新疆,和田地区,6645.77万,-2499.37万,205,1996-11-12,--,,其他金属新材料,冶金,镍基合金材料的生产与销售业务及园林绿化服务业务。
204,635,英力特,宁夏英力特化工股份有限公司,宁夏,石嘴山市,19.65亿,9331.30万,2070,1996-11-20,--,,氯碱,化工、酒店,电石及其系列延伸产品的生产和销售；聚氯乙烯、烧碱及其系列延伸产品的生产和销售；特种树脂生产及销售；电力、热力的生产及销售。
205,636,风华高科,广东风华高新科技股份有限公司,广东,肇庆市,33.55亿,2.62亿,8684,1996-11-29,--,,电子元件,片式电容器、片式电阻器、FPC线路板,研制、生产、销售电子元器件、电子材料等。
206,637,茂化实华,茂名石化实华股份有限公司,广东,茂名市,44.08亿,1.18亿,738,1996-11-14,--,,石油加工,石油化工产品,石油化工产品的生产及销售经营。
207,638,万方发展,万方城镇投资发展股份有限公司,吉林,白山市,1.28亿,1981.97万,139,1996-11-26,--,,贸易,医疗软硬件、系统集成销售及维护、商品、军工产品、粮食加工及销售,军工产业、农业产业以及生物制品等业务
208,639,西王食品,西王食品股份有限公司,山东,滨州市,56.18亿,3.96亿,1892,1996-11-26,--,,植物油,植物油、营养补给品,健康食用油及运动营养和体重管理。
209,650,仁和药业,仁和药业股份有限公司,江西,南昌市,38.44亿,4.41亿,7055,1996-12-10,--,,中药生产,药品、健康相关产品,生产、销售中西药、原料药及健康相关产品。
210,651,格力电器,珠海格力电器股份有限公司,广东,珠海市,1500.20亿,225.08亿,81884,1996-11-18,--,,空调,空调、生活电器、智能装备,生产销售空调器、自营空调器出口业务及其相关零配件的进出口业务。
211,652,泰达股份,天津泰达股份有限公司,天津,天津市,190.23亿,5.48亿,1623,1996-11-28,--,,贸易,化工及金属制品贸易、商品房、广陵新城项目、垃圾处理及发电、纺织及滤材,从事生活垃圾焚烧发电及卫生填埋、餐厨、污泥处理和生物质能发电等资源循环利用相关业务。
212,655,金岭矿业,山东金岭矿业股份有限公司,山东,淄博市,10.44亿,-3.20亿,2552,1996-11-28,--,,铁矿石,矿石,铁矿石开采，铁精粉、铜精粉、钴精粉、球团矿的生产、销售及机械加工与销售。
213,656,金科股份,金科地产集团股份有限公司,重庆,重庆市,347.58亿,22.85亿,24606,1996-11-28,--,,房地产开发,房地产销售、生活服务、新能源、科技产业(园区)投资运营业务,房地产开发为主，新能源发电、社区综合服务、酒店经营管理、园林、门窗、装饰等相关多元化产业经营为辅。
214,657,中钨高新,中钨高新材料股份有限公司,海南,海口市,67.09亿,1.89亿,7522,1996-12-05,--,,钨,硬质合金,钨制硬质合金和钨、钼、钽、铌等有色金属及其深加工产品和装备的研制、开发、生产、销售及贸易业务。
215,659,珠海中富,珠海中富实业股份有限公司,广东,珠海市,16.15亿,9092.02万,1900,1996-12-03,--,,包装印刷,饮料包装制品、饮料加工、胶罐业务、纸杯业务,"从事碳酸饮料、热灌装饮料、饮用水和啤酒包装用PET瓶、PET瓶胚、标签、外包装薄膜、胶罐、纸杯的生产与销售,并同时为企业提供饮用水、热灌装饮料代加工灌装服务。"
216,661,长春高新,长春高新技术产业(集团)股份有限公司,吉林,长春市,41.02亿,9.28亿,8045,1996-12-18,--,,生物医药,房地产、基因生物制药、中成药、服务业,"以生物制药、中成药生产及销售、房地产开发为主导产业,辅以开发区基础设施建设、物业管理等。"
217,662,天夏退,天夏智慧城市科技股份有限公司,广西,梧州市,16.66亿,5.74亿,37,1996-12-16,--,,行业应用软件,智慧城市,软件产品销售、系统集成建设与运营服务。
218,663,永安林业,福建省永安林业(集团)股份有限公司,福建,三明市,11.92亿,4280.25万,569,1996-12-06,--,,木材加工,林业、人造板、家具装饰,森林资源培育与林木采伐经营、人造板经营。
219,665,湖北广电,湖北省广播电视信息网络股份有限公司,湖北,武汉市,26.12亿,3.31亿,7346,1996-12-10,--,,有线电视,数字电视业务、时移回看业务、互动点播业务、增值业务、数据宽带业务、信息化业务、电视+互联网应用业务,有线电视网络运营。
220,666,经纬纺机,经纬纺织机械股份有限公司,北京,北京市,98.04亿,29.44亿,7466,1996-12-10,--,,其他非银行金融,纺织机械、金融信托、资金投资、非纺机,生产与销售纺织机械业务、棉麻销售业务及金融信托业务。
序号,股票代码,股票简称,公司名称,省份,城市,主营业务收入(201712),净利润(201712),员工人数,上市日期,招股书,公司财报,行业分类,产品类型,主营业务
221,667,美好置业,美好置业集团股份有限公司,云南,昆明市,44.38亿,6.47亿,1746,1996-12-05,--,,房地产开发,房地产、PPP项目、农业、设计、施工、混凝土预制构件总承包,房地产开发、装配式建筑业务。
222,668,荣丰控股,荣丰控股集团股份有限公司,上海,上海市,2.70亿,1389.16万,387,1996-12-10,--,,房地产开发,租赁、房地产销、物业管理、医疗器械销售,地产开发与医疗器械配送及技术术服务。
223,669,ST金鸿,金鸿控股集团股份有限公司,吉林,吉林市,37.65亿,2.90亿,984,1996-12-10,--,,燃气,燃气业务、环保业务,天然气综合利用业务，包括气源开发与输送、长输管网建设与管理、城市燃气经营与销售、车用加气站投资与运营、LNG点供、分布式能源项目开发与建设等。
224,670,盈方微,盈方微电子股份有限公司,湖北,荆州市,2.41亿,-3.11亿,159,1996-12-17,--,,半导体材料,集成电路设计及销售业务、电子元器件分销,集成电路芯片的研发、设计和销售、电子元器件分销。
225,671,阳光城,阳光城集团股份有限公司,福建,福州市,331.63亿,22.28亿,9848,1996-12-18,--,,房地产开发,房地产、建工板块、酒店及其他板块,房地产开发与销售。
226,672,上峰水泥,甘肃上峰水泥股份有限公司,甘肃,白银市,45.88亿,7.68亿,2908,1996-12-18,--,,水泥,水泥,水泥熟料、水泥、特种水泥、混凝土、骨料等建材产品的生产制造和销售。
227,673,当代退,当代东方投资股份有限公司,山西,大同市,8.20亿,1.55亿,213,1997-01-24,--,,影视,文化传媒,电视剧、影院运营、演唱会以及云计算、大数据、IT系统集成业务。
228,676,智度股份,智度科技股份有限公司,广东,广州市,63.75亿,5.28亿,575,1996-12-24,--,,其他互联网服务,互联网媒体业务、数字营销业务,互联网媒体业务、数字营销业务及其他业务。
229,677,恒天海龙,恒天海龙股份有限公司,山东,潍坊市,5.54亿,773.29万,858,1996-12-26,--,,粘胶纤维,帘帆布,粘胶纤维及帘帆布的生产与销售。
230,678,襄阳轴承,襄阳汽车轴承股份有限公司,湖北,襄阳市,15.22亿,1422.12万,3397,1997-01-06,--,,汽车零部件,汽车零部件、机器设备,从事轴承及其零部件的生产、科研、销售及相关业务。
231,679,大连友谊,大连友谊(集团)股份有限公司,辽宁,大连市,18.43亿,199.80万,451,1997-01-24,--,,百货,商品零售、房地产销售,以零售业、酒店业、房地产业为主，其它策略性投资为补充。
232,680,山推股份,山推工程机械股份有限公司,山东,济宁市,63.51亿,6053.66万,5124,1997-01-22,--,,工程机械,工业产品销售、商业产品销售,建筑工程机械、矿山机械、农田基本建设机械、收获机械及配件的研究、开发、制造、销售、租赁、维修及技术咨询服务。
233,681,视觉中国,视觉(中国)文化发展股份有限公司,江苏,常州市,8.15亿,3.13亿,580,1997-01-21,--,,网络媒体,互联网传媒,提供优质正版图片、视频等视觉内容及增值服务
234,682,东方电子,东方电子股份有限公司,山东,烟台市,27.08亿,1.86亿,5792,1997-01-21,--,,电气自控设备,信息技术相关产业、非信息技术相关产业,电子及通信设备开发、生产、销售及咨询服务。
235,683,远兴能源,内蒙古远兴能源股份有限公司,内蒙古,鄂尔多斯市,103.04亿,9.39亿,4467,1997-01-31,--,,纯碱,天然碱法制纯碱、小苏打、煤炭、煤制尿素、天然气制甲醇,天然碱法制纯碱和小苏打、煤炭、煤制尿素、天然气制甲醇等产品的生产和销售。
236,685,中山公用,中山公用事业集团股份有限公司,广东,中山市,17.60亿,11.17亿,4416,1997-01-23,--,,污水处理,供水、污水、废液处理、市场租赁业、物业管理、客运服务、垃圾处理及发电收入、工程安装、环卫、利息,为保水务、固废处理、环卫服务、工程建设、金融与股权投资、市场运营、港口客运等领域。
237,686,东北证券,东北证券股份有限公司,吉林,长春市,49.34亿,7.03亿,2991,1997-02-27,--,,证券,证券经纪、证券投资咨询、证券承销与保荐、融资融券、证券投资基金代销、代销金融产品业务,大零售业务、大投行业务、投资与销售交易业务和资产管理业务四个板块。
238,687,华讯退,华讯方舟股份有限公司,河北,保定市,13.47亿,3776.76万,78,1997-02-21,--,,通信终端设备,军事通信及配套产品,军事通信应用领域相关产品及系统的研发、生产和销售。
239,688,国城矿业,国城矿业股份有限公司,重庆,重庆市,12.40亿,4.10亿,1259,1997-01-20,--,,铅锌,有色金属采选业务、工业硫酸业务,有色金属采选业务及工业硫酸生产业务。
240,690,宝新能源,广东宝丽华新能源股份有限公司,广东,梅州市,25.15亿,1.03亿,1253,1997-01-28,--,,火电,新能源发电、金融投资,新能源发电、金融投资。
序号,股票代码,股票简称,公司名称,省份,城市,主营业务收入(201712),净利润(201712),员工人数,上市日期,招股书,公司财报,行业分类,产品类型,主营业务
241,691,亚太实业,甘肃亚太实业发展股份有限公司,甘肃,兰州市,4614.78万,-896.34万,450,1997-02-28,--,,房地产开发,商品房、化工产品,精细化工产品中的医药中间体、农药中间体的研发、生产和销售。
242,692,惠天热电,沈阳惠天热电股份有限公司,辽宁,沈阳市,17.66亿,-5627.22万,2347,1997-02-27,--,,其他发电,供热、设计,民用和工业用供热和供汽。
243,695,滨海能源,天津滨海能源发展股份有限公司,天津,天津市,10.07亿,2071.76万,820,1997-02-18,--,,其他发电,印刷业务,包装印刷业务。
244,697,炼石航空,炼石航空科技股份有限公司,陕西,咸阳市,7.53亿,5325.88万,1949,1997-03-25,--,,稀有金属,钼精粉、商用航空部件,航空精密零部件、结构件的生产和销售。
245,698,沈阳化工,沈阳化工股份有限公司,辽宁,沈阳市,119.08亿,2.28亿,2621,1997-02-20,--,,石油加工,石油化工、氯碱化工、聚醚化工、其他,从事氯碱、石油、聚醚多元醇等化工产品的生产和销售。
246,700,模塑科技,江南模塑科技股份有限公司,江苏,无锡市,43.40亿,1.34亿,5684,1997-02-28,--,,汽车零部件,汽车装饰件、房地、铸件、医疗,从事汽车保险杠等零部件、塑料制品、模具、模塑高科技产品的开发、生产和销售。
247,701,厦门信达,厦门信达股份有限公司,福建,厦门市,546.71亿,1.39亿,5323,1997-02-26,--,,贸易,汽车经销业务、供应链业务、信息科技板块,汽车经销业务、供应链业务、物联网业务及光电业务。
248,702,正虹科技,湖南正虹科技发展股份有限公司,湖南,岳阳市,13.48亿,1482.54万,1243,1997-03-18,--,,饲料,饲料销售、饲料原料销售、牲猪销售、禽类销售,各类饲料的研发、生产和销售；饲料原料销售。
249,703,恒逸石化,恒逸石化股份有限公司,广西,北海市,659.60亿,19.07亿,16820,1997-03-28,--,,涤纶,石化、聚酯、贸易,各类化工品、油品、化纤产品的研发、生产和销售。
250,705,浙江震元,浙江震元股份有限公司,浙江,绍兴市,25.78亿,6294.99万,1974,1997-04-10,--,,医药商业,医药,从事药品生产、销售。
251,707,双环科技,湖北双环科技股份有限公司,湖北,孝感市,42.82亿,-7.54亿,1192,1997-04-15,--,,纯碱,联碱及其他化工产品、商品房销售、物业收入,联碱产品的生产与销售。
252,708,中信特钢,中信泰富特钢集团股份有限公司,湖北,黄石市,102.27亿,3.95亿,23238,1997-03-26,--,,特钢,合金钢棒材、合金钢线材、特种钢板、特种无缝钢管、其他业务,专业化特殊钢材料制造。
253,709,河钢股份,河钢股份有限公司,河北,石家庄市,1089.83亿,21.26亿,33434,1997-04-16,--,,普钢,板材、棒材及型材、线材、带钢、钢坯、钒产品、气体、水电,黑色金属的冶炼和加工。
254,710,贝瑞基因,成都市贝瑞和康基因技术股份有限公司,四川,成都市,11.71亿,2.44亿,1490,1997-04-22,--,,汽车零部件,基因检测、设备、试剂,以高通量测序技术为基础的基因检测服务和设备、试剂销售。
255,711,京蓝科技,京蓝科技股份有限公司,黑龙江,哈尔滨市,18.08亿,3.01亿,591,1997-04-11,--,,节水灌溉,生态节水运营服务业务、园林环境科技服务业务、土壤修复运营服务业务、环境治理技术服务业务,智慧生态运营服务、清洁能源服务综合在内的生态环保业务。
256,712,锦龙股份,广东锦龙发展股份有限公司,广东,清远市,11.75亿,2.45亿,1422,1997-04-15,--,,证券,证券公司业务,证券公司业务
257,713,丰乐种业,合肥丰乐种业股份有限公司,安徽,合肥市,14.47亿,1462.56万,1195,1997-04-22,--,,种子,杂交水稻种子、杂交玉米种子、常规水稻种子、瓜菜种子、小麦种子、油菜种子、棉花种子、除草剂、杀虫剂、杀菌剂、种衣剂、天然薄荷脑、薄荷素油,种子和农化、香料产业。
258,715,中兴商业,中兴-沈阳商业大厦(集团)股份有限公司,辽宁,沈阳市,24.59亿,8457.69万,1335,1997-05-08,--,,百货,零售、服务费,经营百货商场、连锁超市，停车场服务，非居住房地产租赁，普通货物仓储服务，初级农产品加工销售等。
259,716,黑芝麻,南方黑芝麻集团股份有限公司,广西,南宁市,27.72亿,1.05亿,2107,1997-04-18,--,,植物蛋白饮料,冲调系列产品、饮料系列产品、养生系列产品、休闲系列产品,生产销售黑芝麻系列及其他食品、饮料，从事物流大宗商品及农产品贸易、农产品初加工及仓储、装卸、物流服务、电商服务等。
260,717,中南股份,广东中南钢铁股份有限公司,广东,韶关市,251.15亿,25.79亿,5589,1997-05-08,--,,普钢,特钢棒材、工业线材、中厚板材、建筑用材,制造、加工、销售钢铁冶金产品、金属制品、焦炭及煤化工产品等。
序号,股票代码,股票简称,公司名称,省份,城市,主营业务收入(201712),净利润(201712),员工人数,上市日期,招股书,公司财报,行业分类,产品类型,主营业务
261,718,苏宁环球,苏宁环球股份有限公司,吉林,吉林市,57.68亿,10.69亿,1063,1997-04-08,--,,房地产开发,房地产业、建筑业、酒店业、文化创意业、医疗美容,房地产开发。
262,719,中原传媒,中原大地传媒股份有限公司,河南,郑州市,81.74亿,7.00亿,13961,1997-03-31,--,,平面媒体,出版业务、发行业务、物资销售业务、印刷业务,从事出版物的编辑、生产和市场推广，通过形式多样、门类齐全的出版产品，为广大消费者提供知识、信息和精神文化需求服务。
263,720,新能泰山,山东新能泰山发电股份有限公司,山东,泰安市,27.45亿,-5.65亿,844,1997-05-09,--,,火电,房屋销售、电缆、供应链、租赁及物业,产业园开发、综合资产运营及大宗商品供应链。
264,721,西安饮食,西安饮食股份有限公司,陕西,西安市,4.94亿,-1319.72万,3871,1997-04-30,--,,餐饮,餐饮服务、生产制造、租赁,传统餐饮服务和工业化食品的生产及销售。
265,722,湖南发展,湖南发展集团股份有限公司,湖南,长沙市,2.44亿,7788.89万,285,1997-05-22,--,,水电,电力、砂石、健康产业,能源、健康养老及砂石资源。
266,723,美锦能源,山西美锦能源股份有限公司,山西,太原市,122.38亿,12.08亿,4411,1997-05-15,--,,焦炭,焦化产品及副产品、其他,煤炭、焦化、天然气、氢燃料电池汽车为主的新能源汽车等商品的生产销售。
267,725,京东方A,京东方科技集团股份有限公司,北京,北京市,938.00亿,78.60亿,79461,2001-01-12,--,,显示器件,显示事业、智慧系统创新事业、智慧医工事业、传感器及解决方案事业,显示器件业务、智慧系统产品业务、智慧健康服务业务。
268,726,鲁泰A,鲁泰纺织股份有限公司,山东,淄博市,64.09亿,8.83亿,22632,2000-12-25,--,,棉纺,面料产品、衬衣产品、棉花、电和汽、防火用品,生产销售中、高档衬衫用色织布面料、印染面料、成衣等产品。
269,727,冠捷科技,冠捷电子科技股份有限公司,江苏,南京市,59.95亿,6267.56万,22734,1997-05-20,--,,显示器件,显示器、电视、影音,智能显示终端产品的研发、制造、销售与服务。
270,728,国元证券,国元证券股份有限公司,安徽,合肥市,35.11亿,12.14亿,3688,1997-06-16,--,,证券,经纪业务、资产管理业务、证券信用业务、投行业务、自营投资业务,证券经纪业务、证券信用业务、投资银行业务、自营投资业务、资产管理业务。
271,729,燕京啤酒,北京燕京啤酒股份有限公司,北京,北京市,111.96亿,1.73亿,26145,1997-07-16,--,,啤酒,啤酒、矿泉水、茶饮料、饲料,啤酒、饮用水、啤酒原料、茶饮料、酵母、饲料等产品的制造和销售。
272,731,四川美丰,四川美丰化工股份有限公司,四川,德阳市,25.28亿,1.48亿,2391,1997-06-17,--,,氮肥,化学肥料、天然气、贸易,"尿素,复合肥,氮氧化物还原剂,三聚氰胺,硝酸,硝铵,包装塑料制品及LNG(液化天然气)等化工产品的制造与销售。"
273,732,ST泰禾,泰禾集团股份有限公司,福建,福州市,243.31亿,23.33亿,4267,1997-07-04,--,,房地产开发,房地产、服务、零售,住宅地产和商业地产的开发及运营。
274,733,振华科技,中国振华(集团)科技股份有限公司,贵州,贵阳市,80.18亿,2.08亿,7035,1997-07-03,--,,电子元件,现代服务业、整机及系统、新型电子元器件,新型电子元器件和现代服务业。
275,735,罗牛山,罗牛山股份有限公司,海南,海口市,13.30亿,1.55亿,2999,1997-06-11,--,,畜牧养殖,生猪、肉制品、教育、商品房、冷链物流服务,生猪养殖及销售、生猪贸易、肉类加工及销售、房地产、教育等。
276,736,中交地产,中交地产股份有限公司,重庆,重庆市,62.61亿,7.56亿,1743,1997-04-25,--,,房地产开发,房地产销售、房产租赁、物业管理,房地产开发经营与销售业务。
277,737,北方铜业,北方铜业股份有限公司,山西,运城市,18.73亿,-4.31亿,5796,1997-04-28,--,,日用化学品,阴极铜、金锭、银锭，副产品,铜矿开采、铜选矿、冶炼、加工制品、含金铜精矿、阳极泥、金锭、银锭、硫酸、硒粉、铜及铜合金、高精度铜板带、高性能压延铜箔、覆铜板的生产销售。
278,738,航发控制,中国航发动力控制股份有限公司,江苏,无锡市,25.53亿,2.17亿,7294,1997-06-26,--,,航空装备,发动机控制系统及衍生产品、国际合作、非航空产品,航空发动机控制系统及衍生产品、国际合作业务、非航空产品及其他。
279,739,普洛药业,普洛药业股份有限公司,浙江,金华市,55.52亿,2.57亿,6133,1997-05-09,--,,化学原料药,原料药中间体、合同研发生产、制剂,原料药中间体、合同研发生产服务（CDMO）、制剂业务和进出口贸易业务。
280,750,国海证券,国海证券股份有限公司,广西,南宁市,26.59亿,4.31亿,4033,1997-07-09,--,,证券,零售财富管理业务、企业金融服务业务、投资管理业务、销售交易与投资业务、信用业务,证券经纪、投资银行、证券自营、资产管理。
序号,股票代码,股票简称,公司名称,省份,城市,主营业务收入(201712),净利润(201712),员工人数,上市日期,招股书,公司财报,行业分类,产品类型,主营业务
281,751,锌业股份,葫芦岛锌业股份有限公司,辽宁,葫芦岛市,67.00亿,2.16亿,6738,1997-06-26,--,,铅锌,有色金属冶炼、有色金属贸易,有色金属锌、铅冶炼及深加工产品，同时综合回收有价金属镉、铟、金、银、铋等，并副产硫酸、硫酸锌等。
282,752,*ST西发,西藏发展股份有限公司,西藏,拉萨市,3.62亿,4475.95万,267,1997-06-25,--,,啤酒,啤酒,生产、销售啤酒、饮料。
283,753,漳州发展,福建漳州发展股份有限公司,福建,漳州市,27.38亿,7853.96万,1681,1997-06-26,--,,汽车销售,汽车销售、自来水生产、污水处理、工程施工、贸易、房地产开发,水务业务、汽贸业务、地产业务及工程建设。
284,755,山西路桥,山西路桥股份有限公司,山西,太原市,33.25亿,2.90亿,639,1997-06-27,--,,其他化学原料,高速公路管理与运营,高速公路管理与运营。
285,756,新华制药,山东新华制药股份有限公司,山东,淄博市,45.16亿,2.21亿,6540,1997-08-06,--,,化学原料药,化学原料药、制剂、医药中间体,开发、制造及销售化学原料药、制剂以及化工产品。
286,757,浩物股份,四川浩物机电股份有限公司,四川,成都市,6.11亿,4709.52万,2347,1997-06-27,--,,汽车零部件,机械配件、整车销售、汽车后市场服务,汽车发动机曲轴生产销售、汽车及配件销售、汽车维修、汽车保险代理、汽车装饰装潢等业务。
287,758,中色股份,中国有色金属建设股份有限公司,北京,北京市,154.27亿,3.69亿,4797,1997-04-16,--,,铅锌,承包工程、有色金属、冶金机械、贸易,有色金属采选与冶炼、国际工程承包。
288,759,中百集团,中百控股集团股份有限公司,湖北,武汉市,152.06亿,7613.67万,19182,1997-05-19,--,,超市,超市、百货,商业零售。
289,760,斯太退,斯太尔动力股份有限公司,湖北,荆州市,1.51亿,-1.70亿,30,1997-06-27,--,,汽车零部件,柴油发动机,汽车零部件制造与销售
290,761,本钢板材,本钢板材股份有限公司,辽宁,本溪市,405.08亿,16.09亿,18858,1998-01-15,--,,普钢,汽车表面板、家电板、石油管线钢、集装箱板、船板等,有钢铁冶炼、压延加工、发电、煤化工、特钢型材、铁路、进出口贸易、科研、产品销售等。
291,762,西藏矿业,西藏矿业发展股份有限公司,西藏,拉萨市,6.68亿,8700.16万,560,1997-07-08,--,,其他稀有小金属,采选冶、贸易,铬铁矿、锂矿的开采、加工及销售和贸易业务。
292,766,通化金马,通化金马药业集团股份有限公司,吉林,通化市,15.21亿,2.57亿,1699,1997-04-30,--,,中药生产,中成药、化学药、原料药,医药产品的研发、生产与销售。
293,767,晋控电力,晋能控股山西电力股份有限公司,山西,太原市,95.20亿,-20.39亿,7783,1997-06-09,--,,火电,电力、热力、燃煤、检修服务、节能技术服务、技术研究服务,电力商品、热力商品生产和销售。
294,768,中航西飞,中航西安飞机工业集团股份有限公司,陕西,西安市,310.79亿,4.74亿,25270,1997-06-26,--,,航空装备,军用飞机整机、飞机零部件、航空服务,军用大中型飞机整机、军民用航空零部件产品的研发、制造、销售、维修与服务。
295,776,广发证券,广发证券股份有限公司,广东,广州市,216.39亿,90.83亿,14387,1997-06-11,--,,证券,投资银行、财富管理、交易及机构、投资管理,投资银行业务、财富管理业务、交易及机构业务和投资管理业务。
296,777,中核科技,中核苏阀科技实业股份有限公司,江苏,苏州市,8.74亿,4003.37万,1077,1997-07-10,--,,基础件,阀门,工业阀门的研发、设计、制造及销售。
297,778,新兴铸管,新兴铸管股份有限公司,河北,邯郸市,413.69亿,10.63亿,15570,1997-06-06,--,,普钢,金属制品,离心球墨铸铁管及配套管件、铸造制品、钢塑复合管、钢格板、特种钢管、钢铁冶炼及压延加工等。
298,779,甘咨询,甘肃工程咨询集团股份有限公司,甘肃,兰州市,19.15亿,2.77亿,4546,1997-05-28,--,,毛纺,工程咨询,工程咨询技术业务
299,780,ST平能,内蒙古平庄能源股份有限公司,内蒙古,赤峰市,28.08亿,4.84亿,6926,1997-06-06,--,,煤炭开采洗选,煤炭,煤炭生产、洗选加工、销售。
300,782,美达股份,广东新会美达锦纶股份有限公司,广东,江门市,35.59亿,3680.35万,2475,1997-06-19,--,,锦纶,切片、纺织印染布、弹力丝,锦纶6切片和纺丝的生产、销售。
序号,股票代码,股票简称,公司名称,省份,城市,主营业务收入(201712),净利润(201712),员工人数,上市日期,招股书,公司财报,行业分类,产品类型,主营业务
301,783,长江证券,长江证券股份有限公司,湖北,武汉市,56.64亿,15.43亿,6709,1997-07-31,--,,证券,经纪及证券金融业务、证券自营业务、投资银行业务、资产管理业务、另类投资及私募股权投资管理业务、海外业务,提供经纪及证券金融、投资银行、资产管理、投资、海外业务等全方位综合金融服务。
302,785,居然之家,居然之家新零售集团股份有限公司,湖北,武汉市,39.97亿,3.95亿,11845,1997-07-11,--,,百货,租赁及其管理、加盟管理、装修服务、商品销售、贷款保理利息,从事零售业务，业态主要包含现代百货、购物中心以及超市和家居卖场业务、家居建材超市业务和家装业务。
303,786,北新建材,北新集团建材股份有限公司,北京,北京市,111.64亿,23.55亿,13590,1997-06-06,--,,其他建材,轻质建材、防水建材,为各类建筑提供：石膏板龙骨万能板矿棉板“全屋装配”室内系统、防水材料、涂料粉料砂浆系统，为客户提供绿色建筑系统解决方案。
304,788,北大医药,北大医药股份有限公司,重庆,重庆市,21.46亿,3313.98万,783,1997-06-16,--,,生物医药,抗微生物、治疗精神障碍、调节血糖,主要从事化学药品制剂的研发、生产和销售，医药流通以及医疗服务。
305,789,万年青,江西万年青水泥股份有限公司,江西,南昌市,70.94亿,8.42亿,6313,1997-09-23,--,,水泥,硅酸盐水泥、商品混凝土、骨料、新型墙材,水泥、熟料、商砼、骨料及新型墙材的生产及销售
306,790,华神科技,成都华神科技集团股份有限公司,四川,成都市,5.91亿,1.72亿,647,1998-03-27,--,,中药生产,中西成药、生物制药、钢结构制作安装服务,中西成药、生物制药的生产与销售及钢结构房屋建筑设计与施工。
307,791,甘肃电投,甘肃电投能源发展股份有限公司,甘肃,兰州市,19.87亿,2.68亿,1836,1997-10-14,--,,水电,电力产品,水力发电、风力发电和光伏发电。
308,792,盐湖股份,青海盐湖工业股份有限公司,青海,海西蒙古族藏族自治州,116.99亿,-42.88亿,6157,1997-09-04,--,,钾肥,氯化钾、盐湖资源综合利用、化工产品、PVC、水泥、百货、碳酸锂、运输,钾肥和锂盐的开发、生产和销售
309,793,华闻集团,华闻传媒投资集团股份有限公司,海南,海口市,34.21亿,4.23亿,649,1997-07-29,--,,平面媒体,传播与文化、数字内容服务、动漫产品及动漫服务、信息技术服务,传媒业务及文旅业务的经营。
310,795,英洛华,英洛华科技股份有限公司,浙江,金华市,18.57亿,1.03亿,4239,1997-08-08,--,,磁性材料,稀土永磁材料与制品、电机系列产品,钕铁硼磁性材料和电机系列产品的研发、生产和销售。
311,796,ST凯撒,凯撒同盛发展股份有限公司,海南,三亚市,80.45亿,2.44亿,2946,1997-07-03,--,,旅游服务,航空配餐及服务、铁路配餐及服务、旅游服务、信息服务,旅游服务和航空、铁路餐饮服务及系统集成等。
312,797,中国武夷,中国武夷实业股份有限公司,福建,福州市,41.72亿,2.61亿,8106,1997-07-15,--,,房地产开发,建筑产品、房地产开发产品、商业贸易、劳务、技术服务、物业服务、租赁及其他,国内外房地产开发、国际工程承包、物业管理、国际贸易和零售业务等。
313,798,中水渔业,中水集团远洋股份有限公司,北京,北京市,7.48亿,5009.38万,1058,1998-02-12,--,,海洋渔业,金枪鱼、鱿鱼、秋刀鱼,远洋水产品的捕捞、储运、销售和进出口以及紫菜、海带等产品的加工及销售等。
314,799,酒鬼酒,酒鬼酒股份有限公司,湖南,湘西土家族苗族自治州,8.78亿,1.74亿,1803,1997-07-18,--,,白酒,酒类,生产和销售白酒系列产品。
315,800,一汽解放,一汽解放集团股份有限公司,吉林,长春市,272.99亿,2.45亿,20684,1997-06-18,--,,乘用车,商用车、乘用车、备品,商用车整车的研发、生产和销售
316,801,四川九洲,四川九洲电器股份有限公司,四川,绵阳市,31.65亿,81.44万,3457,1998-05-06,--,,视听器材,智能终端产品、空管产品、微波射频业务,智能终端、空管产品、微波射频的技术研发、产品制造、销售等业务。
317,802,北京文化,北京京西文化旅游股份有限公司,北京,北京市,13.21亿,3.20亿,60,1998-01-08,--,,影视,影视文化,影视文化业务，包含电影、电视剧网剧、艺人经纪、新媒体等业务板块。
318,803,山高环能,山高环能集团股份有限公司,四川,南充市,2.99亿,3857.09万,704,1998-03-03,--,,纺织,城乡有机废弃物的无害化处理、资源化利用与城市清洁供热,城乡有机废弃物的无害化处理及资源化利用与城市清洁供热业务。
319,806,*ST银河,北海银河生物产业投资股份有限公司,广西,北海市,10.46亿,1394.54万,1991,1998-04-16,--,,其他输变电设备,输配电及控制设备制造、电子元器件、软件开发系统集成、医药生物,电子信息产业、输配电产业、生物医药产业。
320,807,云铝股份,云南铝业股份有限公司,云南,昆明市,221.30亿,7.17亿,11662,1998-04-08,--,,铝,电解铝、铝加工产品,铝土矿开采、氧化铝生产、铝冶炼、铝加工及铝用阳极炭素生产和销售。
序号,股票代码,股票简称,公司名称,省份,城市,主营业务收入(201712),净利润(201712),员工人数,上市日期,招股书,公司财报,行业分类,产品类型,主营业务
321,809,ST新城,铁岭新城投资控股(集团)股份有限公司,辽宁,铁岭市,7972.37万,1.01亿,148,1998-06-16,--,,房地产开发,土地一级开发、供水、污水、广告、租赁、商品销售、湿地治理、房屋租赁、供水配件销售、供水相关服务、通信管网,土地一级开发、新城区供水、污水处理、户外广告传媒、出租车运营及物资批发和零售等。
322,810,创维数字,创维数字股份有限公司,四川,遂宁市,72.53亿,9524.42万,7634,1998-06-02,--,,机顶盒,智能终端、宽带设备、专业显示、服务运营,数字智能终端及前端系统的研究、开发、生产、销售与运营及服务。
323,811,冰轮环境,冰轮环境技术股份有限公司,山东,烟台市,34.52亿,3.31亿,1446,1998-05-28,--,,制冷空调设备,工商业制冷设备、制冷空调,从事低温冷冻设备、中央空调设备、节能制热设备及应用系统集成、工程成套服务、智慧服务。
324,812,陕西金叶,陕西金叶科教集团股份有限公司,陕西,西安市,7.74亿,5057.57万,2030,1998-06-23,--,,包装印刷,烟标、烟用丝束、咀棒、社会产品、教学、互联网接入、贸易、商品房、物业管理,烟草配套产业、教育产业、房地产业、医养产业。
325,813,德展健康,德展大健康股份有限公司,新疆,乌鲁木齐市,22.20亿,7.95亿,1073,1998-05-19,--,,生物医药,药品销售、研发销售、材料销售,药品的研发、生产和销售。
326,815,美利云,中冶美利云产业投资股份有限公司,宁夏,中卫市,8.41亿,2558.54万,1135,1998-06-09,--,,造纸,造纸、云板块、光伏发电,文化用纸及彩色纸的生产与销售。
327,816,智慧农业,江苏农华智慧农业科技股份有限公司,江苏,盐城市,17.40亿,-3.00亿,1478,1997-08-18,--,,内燃机,内燃机及终端产品、零部件、金属矿产品、贸易产品、农业信息化,机械制造、矿业采选、国际国内贸易和现代农业生产服务。
328,818,航锦科技,航锦科技股份有限公司,辽宁,葫芦岛市,34.01亿,2.62亿,3743,1997-10-17,--,,聚氨酯,化工、电子,半导体电子和基础化工原料。
329,819,岳阳兴长,岳阳兴长石化股份有限公司,湖南,岳阳市,15.88亿,-1257.71万,639,1997-06-25,--,,石油加工,聚合级丙烯、液化石油气、MTBE、聚丙烯树脂粉料、烷基化油,石油化工产品的开发、生产、销售。
330,820,神雾节能,神雾节能股份有限公司,江西,南昌市,8.60亿,9831.60万,50,1998-06-30,--,,节能环保,工程咨询设计、设备销售,节能环保行业清洁冶炼业务。
331,821,京山轻机,湖北京山轻工机械股份有限公司,湖北,荆门市,15.37亿,1.41亿,3555,1998-06-26,--,,印刷包装设备,光伏智能成套装备、包装智能成套装备,高端智能成套装备的研发、设计、制造、销售与服务。
332,822,山东海化,山东海化股份有限公司,山东,潍坊市,48.17亿,6.58亿,4631,1998-07-03,--,,纯碱,化工产品,纯碱、溴素、氯化钙等产品的生产和销售。
333,823,超声电子,广东汕头超声电子股份有限公司,广东,汕头市,43.33亿,2.41亿,7077,1997-10-08,--,,电子元件,印制线路板、液晶显示器、液晶触摸屏、超薄及特种覆铜板、超声电子仪器、覆铜板,印制线路板、液晶显示器、超薄及特种覆铜板、超声电子仪器的研制、生产和销售。
334,825,太钢不锈,山西太钢不锈钢股份有限公司,山西,太原市,677.90亿,43.69亿,17087,1998-10-21,--,,普钢,不锈钢、冷轧硅钢、碳钢热轧卷板、火车轮轴钢、合金模具钢、军工钢,不锈钢及其它钢材、钢坯、钢锭、黑色金属、铁合金、金属制品的生产、销售；钢铁生产所需原辅材料的国内贸易和进出口等业务。
335,826,启迪环境,启迪环境科技发展股份有限公司,湖北,宜昌市,86.95亿,11.41亿,70638,1998-02-25,--,,污水处理,污水处理业务、自来水业务、固体废物处理业务、再生资源处理业务、环保设备安装及技术咨询业务、市政施工、环卫服务业务,固废收集处置全产业链及水务生态综合治理领域，致力于为客户提供专业化环境治理整体解决方案。
336,828,东莞控股,东莞发展控股股份有限公司,广东,东莞市,14.52亿,8.89亿,878,1997-06-17,--,,高速公路,交通运输辅助业务、融资租赁业务、商业保理业务、新能源汽车充电业务,交通基础设施产业、投资管理业务。
337,829,天音控股,天音通信控股股份有限公司,江西,赣州市,396.28亿,2.48亿,3151,1997-12-02,--,,专业连锁,通信产品销售、零售电商、通信产品维修、彩票业务,智能终端分销业务、彩票业务、零售电商业务、移动转售和移动互联网业务。
338,830,鲁西化工,鲁西化工集团股份有限公司,山东,聊城市,157.62亿,19.50亿,12414,1998-08-07,--,,氮肥,化工新材料、基础化工、化肥产品、其他业务,化肥、化工产品生产与销售，承揽工业设备制作安装。
339,831,中国稀土,中国稀土集团资源科技股份有限公司,山西,运城市,7.16亿,3215.55万,344,1998-09-11,--,,稀土,稀土,稀土氧化物等产品的生产运营，以及稀土技术研发、咨询服务。
340,833,粤桂股份,广西粤桂广业控股股份有限公司,广西,贵港市,19.73亿,8904.08万,3127,1998-11-11,--,,制糖,机制糖、加工贸易糖、造纸、采矿业、化工、房产销售,机制糖（白砂糖、赤砂糖）的生产和销售，纸浆和机制纸（文化纸、生活用纸原纸）的生产和销售，硫铁矿的开采、加工、销售，硫酸、试剂酸（精制硫酸）、铁矿粉（硫铁矿烧渣）和磷肥（普通过磷酸钙）的生产和销售。同时，开展食糖贸易业务。
序号,股票代码,股票简称,公司名称,省份,城市,主营业务收入(201712),净利润(201712),员工人数,上市日期,招股书,公司财报,行业分类,产品类型,主营业务
341,835,长动退,长城国际动漫游戏股份有限公司,四川,成都市,2.91亿,1.28亿,14,1999-06-25,--,,游戏,动漫产品、动漫衍生品、游戏产品、旅游服务,动漫设计、制作及发行、游戏开发及运营、创意旅游和衍生品销售。
342,836,富通信息,天津富通信息科技股份有限公司,天津,天津市,20.57亿,1.37亿,867,1997-09-29,--,,通信传输设备,光通信网络产品、石英管材制品,从事以光纤光缆制造为核心的光通信业务和以石英管材产品为辅助的石英制品业务。
343,837,秦川机床,秦川机床工具集团股份公司,陕西,宝鸡市,30.00亿,3807.33万,9898,1998-09-28,--,,机床设备,机床及零部件、融资租赁及商业保理、进出口贸易,研发、生产和销售齿轮磨床、螺纹磨床、外圆磨床（曲轴磨、球面磨、车轴磨）、滚齿机、车齿机、通用数控车床及加工中心、龙门式车铣镗复合加工中心、精密高效拉床、塑料机械（中空机）等高端数控装备；数控复杂刀具、高档数控系统、滚动功能部件、汽车零部件、特种齿轮箱、机器人关节减速器、螺杆转子副、精密齿轮、精密仪器仪表、精密铸件等零部件产品；提供智能制造及自动化生产线、智能机床等智能制造及核心数控技术、装备等系统集成业务。
344,838,财信发展,财信地产发展集团股份有限公司,重庆,重庆市,18.03亿,2.12亿,305,1997-06-26,--,,房地产开发,房地产、环保板块,房地产开发和环保。
345,839,ST国安,中信国安信息产业股份有限公司,北京,北京市,43.62亿,3.02亿,20429,1997-10-31,--,,电池,有线电视业务、增值电信业务、网络系统集成及应用软件开发业务、房地产业务,信息网络基础设施业务中的有线电视网、卫星通信网的投资建设，以及基于有线电视投资所积累用户资源而开展的增值服务等创新业务。
346,848,承德露露,承德露露股份公司,河北,承德市,21.12亿,4.18亿,1159,1997-11-13,--,,植物蛋白饮料,杏仁露,饮料（蛋白饮料类）的开发、生产；马口铁包装罐生产与销售。
347,850,华茂股份,安徽华茂纺织股份有限公司,安徽,安庆市,23.43亿,8271.41万,4617,1998-10-07,--,,棉纺,纺织,各类混纺纱线、织物、面料、产业用布及服装的生产与销售及投资管理。
348,851,高鸿股份,大唐高鸿网络股份有限公司,贵州,安顺市,89.76亿,1.87亿,1270,1998-06-09,--,,信息服务,通信设备产品、计算机涉密及系统集成、信息服务业务、IT销售业务,企业信息化业务、信息服务业务、IT销售业务。
349,852,石化机械,中石化石油机械股份有限公司,湖北,武汉市,39.94亿,3468.67万,5153,1998-11-26,--,,矿山冶金机械,石油机械设备、钻头及钻具、油气钢管,油气开采机械设备、钻头钻具、井下工具、压缩机以及油气钢管产品的设计、研发、制造、销售、租赁和一体化服务。
350,856,冀东装备,唐山冀东装备工程股份有限公司,河北,唐山市,17.65亿,1421.23万,1760,1998-08-13,--,,其他专用机械,机械设备及备件、土建安装、维修工程、电气设备及备件、其他业务,水泥装备制造及维修业务。
351,858,五粮液,宜宾五粮液股份有限公司,四川,宜宾市,301.87亿,100.86亿,25803,1998-04-27,--,,白酒,酒类,白酒生产和销售。
352,859,国风新材,安徽国风新材料股份有限公司,安徽,合肥市,11.73亿,4247.69万,1283,1998-11-19,--,,塑料制品,塑料薄膜、工程塑料、新型木塑建材,主要生产经营聚酰亚胺薄膜、包装膜材料、预涂膜材料、电容器用薄膜、高分子功能膜材料和电子信息用膜材料，以及木塑新材料、新能源汽车配套材料等。
353,860,顺鑫农业,北京顺鑫农业股份有限公司,北京,北京市,117.34亿,4.42亿,4632,1998-11-04,--,,白酒,白酒、猪肉,白酒酿造与销售;种猪繁育、生猪养殖、屠宰及肉制品加工;房地产开发。
354,861,海印股份,广东海印集团股份有限公司,广东,广州市,25.61亿,2.95亿,986,1998-10-28,--,,物业租赁、物业管理,商业板块、百货业、酒店业、房产、金融板块,商业运营、文化娱乐及互联网金融
355,862,银星能源,宁夏银星能源股份有限公司,宁夏,银川市,9.80亿,-1.88亿,559,1998-09-15,--,,新能源发电,新能源发电、风机设备制造、提供劳务,新能源发电、新能源装备工程业务
356,863,三湘印象,三湘印象股份有限公司,上海,上海市,24.74亿,2.25亿,454,1997-09-25,--,,房地产开发,文化演艺、房地产销售、房屋租赁,房地产开发与经营，文化旅游演艺类业务。
357,868,安凯客车,安徽安凯汽车股份有限公司,安徽,合肥市,54.49亿,-2.77亿,2241,1997-07-25,--,,乘用车,整车,生产全系列客车和汽车零部件。
358,869,张裕A,烟台张裕葡萄酿酒股份有限公司,山东,烟台市,49.33亿,10.34亿,2297,2000-10-26,--,,葡萄酒,葡萄酒、白兰地,生产经营葡萄酒和白兰地。
359,875,吉电股份,吉林电力股份有限公司,吉林,长春市,51.02亿,-2.95亿,4567,2002-09-26,--,,火电,电力、热力,从事火电、风电、太阳能发电、供热、工业供气的生产和销售。
360,876,新希望,新希望六和股份有限公司,四川,成都市,625.67亿,29.32亿,80168,1998-03-11,--,,饲料,饲料、生猪、禽、食品、商贸,饲料、白羽肉禽、猪养殖、食品。
序号,股票代码,股票简称,公司名称,省份,城市,主营业务收入(201712),净利润(201712),员工人数,上市日期,招股书,公司财报,行业分类,产品类型,主营业务
361,877,天山股份,新疆天山水泥股份有限公司,新疆,乌鲁木齐市,70.80亿,2.82亿,70829,1999-01-07,--,,水泥,水泥熟料、商品混凝土、骨料,水泥、熟料、商品混凝土的生产及销售。
362,878,云南铜业,云南铜业股份有限公司,云南,昆明市,570.07亿,3.72亿,9608,1998-06-02,--,,铜,阴极铜、硫酸、贵金属,铜的勘探、采选、冶炼，贵金属和稀散金属的提取与加工，硫化工以及贸易等领域。
363,880,潍柴重机,潍柴重机股份有限公司,山东,潍坊市,19.76亿,2348.22万,2623,1998-04-02,--,,内燃机,通用设备制造,开发、制造和销售船舶动力和发电设备市场用30-12000马力的发动机及动力集成系统、发电机组及电力集成系统，兼顾经营柴油机零部件、船用齿轮箱配套等产品，并具有提供整套动力解决方案及电力解决方案。
364,881,中广核技,中广核核技术发展股份有限公司,辽宁,大连市,63.69亿,4.25亿,4571,1998-09-02,--,,综合,改性高分子材料、进出口贸易、电子加速器及辐照加工,远洋运输、工程承包、房地产、国际劳务合作、进出口贸易和远洋渔业等业务；线缆用改性高分子材料、改性工程塑料、电子加速器的生产和销售以及辐照加工业务。
365,882,华联股份,北京华联商厦股份有限公司,北京,北京市,10.96亿,1016.27万,1949,1998-06-16,--,,物业经营,租赁及物业管理、电影放映及卖品、保理服务,购物中心运营管理业务、影院运营管理业务和商业保理业务。
366,883,湖北能源,湖北能源集团股份有限公司,湖北,武汉市,115.85亿,20.76亿,4231,1998-05-19,--,,火电,电力、天然气、煤炭、热力,能源投资、开发与管理。
367,885,城发环境,城发环境股份有限公司,河南,郑州市,47.20亿,6.64亿,4712,1999-03-19,--,,水泥,道路通行、基础设施、服务区经营及广告、环保、环保工程承包及设备业务,"高速公路运营,水务、固体废弃物治理等城市基础设施建设，生活垃圾焚烧发电、市政污水处理、新环卫等环保领域。"
368,886,海南高速,海南高速公路股份有限公司,海南,海口市,5.83亿,9430.68万,523,1998-01-23,--,,高速公路,房地产开发、广告业务、酒店业务、东线高速公路养护,房地产开发、交通基础设施投资建设、酒店业务。
369,887,中鼎股份,安徽中鼎密封件股份有限公司,安徽,宣城市,117.70亿,11.54亿,20621,1998-12-03,--,,汽车零部件,汽车零部件,"液压气动密封件,汽车非轮胎橡胶制品(制动,减震除外)生产和销售。"
370,888,峨眉山A,峨眉山旅游股份有限公司,四川,乐山市,10.79亿,1.96亿,1951,1997-10-21,--,,景区,峨眉山风景区、客运索道、宾馆酒店服务、旅行社,从事峨眉山风景区游山门票、客运索道、宾馆酒店服务以及其他相关旅游服务的经营。
371,889,ST中嘉,中嘉博创信息技术股份有限公司,河北,秦皇岛市,21.07亿,2.29亿,2250,1997-12-18,--,,其他软件服务,行业短信、电信分成、技术开发服务、维护服务、流量、其他(工程),信息智能传输、通信网络维护和金融服务外包。
372,890,法尔胜,江苏法尔胜股份有限公司,江苏,无锡市,20.04亿,1.49亿,652,1999-01-19,--,,金属制品,钢丝、钢丝绳,生产、销售多种用途、不同规格的钢丝、钢丝绳产品；生活垃圾渗滤液处理设备的开发、生产以及生活垃圾渗滤液处理设备的运营管理服务。
373,892,欢瑞世纪,欢瑞世纪联合股份有限公司,重庆,重庆市,15.67亿,4.07亿,177,1999-01-15,--,,影视,电视剧及衍生品、电影及衍生品、艺人经纪、网络游戏,影视剧的制作发行、艺人经纪、游戏及影视周边衍生业务
374,893,亚钾国际,亚钾国际投资(广州)股份有限公司,广东,广州市,15.36亿,-7.73亿,1247,1998-12-24,--,,航运,钾肥、贸易,钾盐开采、钾肥生产及销售。
375,895,双汇发展,河南双汇投资发展股份有限公司,河南,漯河市,505.75亿,45.11亿,46822,1998-12-10,--,,肉制品,高温肉制品、低温肉制品、生鲜品冻品,以屠宰业和肉类加工业为核心，向上游发展饲料业和养殖业，向下游发展包装业、商业，配套发展外贸业、调味品业等。
376,897,津滨发展,天津津滨发展股份有限公司,天津,天津市,9.76亿,-1.32亿,527,1999-04-22,--,,房地产开发,商品销售、房屋租赁、房地产销售、物业管理,房地产开发与销售。
377,898,鞍钢股份,鞍钢股份有限公司,辽宁,鞍山市,916.83亿,66.45亿,30192,1997-12-25,--,,普钢,钢压延加工业,黑色金属冶炼及钢压延加工。
378,899,赣能股份,江西赣能股份有限公司,江西,南昌市,21.26亿,1645.01万,796,1997-11-26,--,,火电,火力发电、光伏发电,火力、水力发电。
379,900,现代投资,现代投资股份有限公司,湖南,长沙市,105.93亿,8.46亿,3766,1999-01-28,--,,高速公路,交通运输辅助业、商品贸易,高速公路收费业务。
380,901,航天科技,航天科技控股集团股份有限公司,黑龙江,哈尔滨市,58.02亿,1.81亿,6372,1999-04-01,--,,仪器仪表,航天制造、汽车电子、仪表制造、环保服务、电力设备制造,航天应用产品、汽车电子产品、车联网及工业物联网、石油仪器设备、电力设备的研发、生产和销售等。
序号,股票代码,股票简称,公司名称,省份,城市,主营业务收入(201712),净利润(201712),员工人数,上市日期,招股书,公司财报,行业分类,产品类型,主营业务
381,902,新洋丰,新洋丰农业科技股份有限公司,湖北,荆门市,90.32亿,6.92亿,8347,1999-04-08,--,,复合肥,磷肥、常规复合肥、新型复合肥、现代农业、贸易,磷复肥、新型肥料的研发、生产和销售，以及现代农业产业解决方案提供业务。
382,903,云内动力,昆明云内动力股份有限公司,云南,昆明市,59.10亿,2.60亿,2644,1999-04-15,--,,汽车零部件,柴油机、电子,发动机业务和工业级电子产品业务。
383,905,厦门港务,厦门港务发展股份有限公司,福建,厦门市,137.13亿,1.79亿,4907,1999-04-29,--,,港口,散杂货码头装卸、综合物流服务、港口贸易,散杂货码头装卸、综合物流服务和商品贸易。
384,906,浙商中拓,浙商中拓集团股份有限公司,浙江,杭州市,484.07亿,1.79亿,2133,1999-07-07,--,,贸易,建筑用材、工业用材、炉料、煤炭焦炭、有色金属、化工产品、其他商品、汽车及相关服务,供应链集成服务。
385,908,景峰医药,湖南景峰医药股份有限公司,湖南,岳阳市,25.84亿,1.85亿,846,1999-02-03,--,,化学制剂,心脑血管领域产品、抗肿瘤领域产品线、骨伤科疾病领域产品、妇儿领域产品、消化系统领域产品、抗感染领域产品、原料药产品,医药产品的研发、制造与销售。
386,909,数源科技,数源科技股份有限公司,浙江,杭州市,26.64亿,6985.23万,527,1999-05-07,--,,贸易,电子信息类、房地产类、商贸类、园区产业类,电子信息类产品的研制与销售、科技产业园区开发与运营、商品贸易、房地产开发等四类业务。
387,910,大亚圣象,大亚圣象家居股份有限公司,江苏,镇江市,70.48亿,7.37亿,7000,1999-06-30,--,,家具制造,人造板、地板,地板和人造板的生产销售。
388,911,南宁糖业,南宁糖业股份有限公司,广西,南宁市,29.06亿,-1.98亿,3719,1999-05-27,--,,制糖,白砂糖,从事机制糖的生产与销售业务。
389,912,泸天化,四川泸天化股份有限公司,四川,泸州市,37.35亿,-14.89亿,3001,1999-06-03,--,,氮肥,化肥产品、化工产品,尿素、复合肥等化肥类产品以及液氨、甲醇、二甲醚、液态硝铵、浓硝酸、稀硝酸、四氧化二氮、车用尿素等化工类产品的生产销售。
390,913,钱江摩托,浙江钱江摩托股份有限公司,浙江,台州市,27.16亿,7850.40万,4315,1999-05-14,--,,摩托车,摩托车及配件、房地产开发,摩托车、电动车及相关零配件的研发、生产和销售。
391,915,华特达因,山东华特达因健康股份有限公司,山东,济南市,17.67亿,4.51亿,2774,1999-06-09,--,,化学制剂,医药产品、环保设备及工程、电子信息产品、科技园区管理、教育、晶体材料、道路及建筑材料,医药业务。
392,917,电广传媒,湖南电广传媒股份有限公司,湖南,长沙市,87.41亿,-2.36亿,2112,1999-03-25,--,,有线电视,广告代理运营、影视节目制作发行、网络传输服务、旅游业、酒店、房地产、艺术品、投资管理、游戏、智能硬件,文旅、投资、传媒游戏业务等。
393,918,嘉凯城,嘉凯城集团股份有限公司,浙江,杭州市,12.59亿,18.93亿,2205,1999-07-20,--,,房地产开发,房屋销售、影视放映,房地产开发与销售。
394,919,金陵药业,金陵药业股份有限公司,江苏,南京市,31.92亿,1.73亿,4865,1999-11-18,--,,化学制剂,中药、化学药品、医疗服务,药品、医疗器械制造和医康养护服务。
395,920,沃顿科技,沃顿科技股份有限公司,贵州,贵阳市,10.83亿,1.27亿,1286,1999-06-16,--,,其他化学制品,工业反渗透膜、工业超滤膜、增强反渗透Helixfil、家用水效膜元件、家用纳滤膜元件,膜业务、植物纤维业务、膜分离业务。
396,921,海信家电,海信家电集团股份有限公司,广东,佛山市,334.88亿,20.72亿,48263,1999-07-13,--,,冰箱、洗衣机、空调,家电制造业,冰箱、中央空调、家用空调、冷柜、洗衣机、商用冷链、厨卫等电器产品的研发、制造和营销。
397,922,佳电股份,哈尔滨电气集团佳木斯电机股份有限公司,黑龙江,佳木斯市,15.88亿,1.21亿,1830,1999-06-18,--,,电机,防爆电机、普通电机、配件修理,电机、屏蔽电机电泵制造与维修；电机、防爆电气技术开发、技术服务。
398,923,河钢资源,河钢资源股份有限公司,河北,石家庄市,54.01亿,4.48亿,4004,1999-07-14,--,,工程机械,铜产品、磁铁矿、阳极泥、硫酸、推土机、蛭石,铜、铁矿石的开采、加工、销售。
399,925,众合科技,浙江众合科技股份有限公司,浙江,杭州市,20.86亿,1.22亿,1614,1999-06-11,--,,轨道交通设备,智慧交通、泛半导体,智慧交通及泛半导体产业。
400,926,福星股份,湖北福星科技股份有限公司,湖北,武汉市,116.59亿,11.96亿,3101,1999-06-18,--,,房地产开发,房地产、金属制品,房地产业和金属制品业。
序号,股票代码,股票简称,公司名称,省份,城市,主营业务收入(201712),净利润(201712),员工人数,上市日期,招股书,公司财报,行业分类,产品类型,主营业务
401,927,中国铁物,中国铁路物资股份有限公司,天津,天津市,14.51亿,-16.40亿,4237,1999-07-27,--,,乘用车,油品供应链管理、钢轨供应链管理及运维技术服务、铁路移动装备物资供应、工程建设物资生产制造、工程建设物资集成服务、大宗商品贸易,以面向轨道交通产业为主的物资供应链管理及轨道运维技术服务和工程建设物资生产制造及集成服务。
402,928,中钢国际,中钢国际工程技术股份有限公司,吉林,吉林市,80.46亿,4.38亿,1881,1999-03-12,--,,专业工程,工程总承包、国内外贸易、服务收入,工程总承包为主的工程技术服务业务、以机电设备及备品备件集成供应为主的国内外贸易业务和以工程设计、咨询为主的服务业务。
403,929,兰州黄河,兰州黄河企业股份有限公司,甘肃,兰州市,5.96亿,1264.06万,988,1999-06-23,--,,啤酒,啤酒、饮料、大麦麦芽,啤酒、麦芽、饮料的生产、加工和销售业务。
404,930,中粮科技,中粮生物科技股份有限公司,安徽,蚌埠市,158.92亿,9.63亿,8413,1999-07-12,--,,燃料乙醇,农产品加工及销售,燃料乙醇、食用酒精、淀粉、淀粉糖、柠檬酸、味精及其副产品的生产与销售。
405,931,中关村,北京中关村科技发展(控股)股份有限公司,北京,北京市,17.40亿,4356.48万,2462,1999-07-12,--,,综合,生物医药、房地产建筑、物业管理、混凝土,生物医药、个人护理用品、养老服务业务和其他业务。
406,932,华菱钢铁,湖南华菱钢铁股份有限公司,湖南,长沙市,767.11亿,52.95亿,24066,1999-08-03,--,,普钢,钢铁,钢材产品的生产和销售。
407,933,神火股份,河南神火煤电股份有限公司,河南,商丘市,188.99亿,3.06亿,22701,1999-08-31,--,,铝,采掘业、有色金属、电解铝深加工、贸易、房地产、电力、运输,铝产品、煤炭的生产、加工和销售及发供电。
408,935,四川双马,四川和谐双马股份有限公司,四川,成都市,27.48亿,2.47亿,453,1999-08-24,--,,水泥,水泥、私募股权投资管理、骨料,建材生产业务、私募股权投资管理业务。
409,936,华西股份,江苏华西村股份有限公司,江苏,无锡市,28.42亿,2.06亿,861,1999-08-10,--,,涤纶,纺织化纤、石化物流仓储、投资管理,涤纶化纤的研发、生产和销售，石化物流仓储服务。
410,937,冀中能源,冀中能源股份有限公司,河北,邢台市,203.82亿,10.90亿,40383,1999-09-09,--,,煤炭开采洗选,煤炭、电力、建材、化工,煤炭、化工、电力、建材四大板块
411,938,紫光股份,紫光股份有限公司,北京,北京市,390.72亿,26.20亿,17147,1999-11-04,--,,PC、服务器及硬件,网络设备、服务器、存储产品、云计算与云服务、安全产品及服务、智能终端,提供技术领先的网络、计算、存储、云计算、安全和智能终端等全栈ICT基础设施及服务。
412,948,南天信息,云南南天电子信息产业股份有限公司,云南,昆明市,23.16亿,2185.80万,7238,1999-10-14,--,,专用计算机设备,软件和信息技术服务,提供金融行业数字化综合解决方案和服务。
413,949,新乡化纤,新乡化纤股份有限公司,河南,新乡市,41.07亿,3063.03万,8848,1999-10-21,--,,粘胶纤维,化学纤维产品,从事化学纤维产品的生产和销售。
414,950,重药控股,重药控股股份有限公司,重庆,重庆市,230.45亿,11.53亿,13536,1999-09-16,--,,氮肥,医药批发、医药零售,医药流通业务。
415,951,中国重汽,中国重汽集团济南卡车股份有限公司,山东,济南市,373.10亿,11.72亿,7077,1999-11-25,--,,商用车,汽车制造,从事重型载重汽车、重型专用车底盘、车桥等汽车配件的制造及销售业务。
416,952,广济药业,湖北广济药业股份有限公司,湖北,黄冈市,8.02亿,1.06亿,1317,1999-11-12,--,,化学原料药,原料系列产品、制剂系列产品,维生素原料产品的研发、生产和销售。
417,953,河化股份,广西河池化工股份有限公司,广西,河池市,2.21亿,2946.24万,182,1999-12-02,--,,氮肥,医药中间体、尿素,医药中间体的研发、生产与销售业务以及尿素委托加工销售业务。
418,955,欣龙控股,欣龙控股(集团)股份有限公司,海南,澄迈县,6.32亿,4447.29万,846,1999-12-09,--,,家纺,纺织、医药健康、新能源、基金管理,从事非织造材料、磷化工业务
419,957,中通客车,中通客车股份有限公司,山东,聊城市,78.52亿,1.91亿,3966,2000-01-13,--,,商用车,客车制造业,以客车为主兼顾零部件产品的开发、制造和销售。
420,958,电投产融,国家电投集团产融控股股份有限公司,河北,石家庄市,26.45亿,1.08亿,2143,1999-12-23,--,,其他发电,金融业务、能源业务,清洁能源发电及热电联产等业务，还涵盖财务公司、保险经纪、信托、期货、保险等多项金融业务。
序号,股票代码,股票简称,公司名称,省份,城市,主营业务收入(201712),净利润(201712),员工人数,上市日期,招股书,公司财报,行业分类,产品类型,主营业务
421,959,首钢股份,北京首钢股份有限公司,北京,北京市,602.44亿,31.07亿,17846,1999-12-16,--,,普钢,冶金,钢铁冶炼、钢压延加工、技术开发、技术咨询、技术转让、技术服务、技术培训。
422,960,锡业股份,云南锡业股份有限公司,云南,红河哈尼族彝族自治州,344.10亿,8.95亿,16258,2000-02-21,--,,锡,锡锭、锡材、锡化工、铜产品、锌产品、贸易产品,锡、锌、铜、铟等金属矿的勘探、开采、选矿和冶炼及锡的深加工。
423,961,中南建设,江苏中南建设集团股份有限公司,江苏,南通市,305.52亿,6.22亿,36037,2000-03-01,--,,专业工程,房地产开发、建筑施工、酒店,房地产开发和建筑施工。
424,962,东方钽业,宁夏东方钽业股份有限公司,宁夏,石嘴山市,9.45亿,-3.80亿,1122,2000-01-20,--,,其他金属新材料,有色金属材料,稀有金属钽、铌、铍及合金等的研发、生产、销售和进出口业务。
425,963,华东医药,华东医药股份有限公司,浙江,杭州市,278.32亿,18.88亿,12427,2000-01-27,--,,医药商业,中药肾病系列、糖尿病系列、免疫抑制剂系列、消化道系列、心脑血管系列,覆盖医药全产业链，以医药工业为主导，同时拓展医药商业和医美产业，集医药研发、生产、经销。
426,965,天保基建,天津天保基建股份有限公司,天津,天津市,18.46亿,4.11亿,113,2000-04-06,--,,房地产开发,房地产销售、物业出租、物业管理,房地产开发、物业出租、物业管理等业务。
427,966,长源电力,国家能源集团长源电力股份有限公司,湖北,武汉市,54.64亿,-1.22亿,5293,2000-03-16,--,,火电,电力、热力,电力、热力生产和经营。
428,967,盈峰环境,盈峰环境科技集团股份有限公司,浙江,绍兴市,88.86亿,7.74亿,13363,2000-03-30,--,,电工机械制造,传统环卫装备、新能源环卫装备、环卫服务,以“智慧环卫”为核心，为客户在城乡保洁消毒、生活垃圾分类、固废垃圾清扫运处、环卫人员管理、餐厨垃圾收运、渣土运输监管、渗滤液处理、智慧城市建设等领域提供全新维度的全生命周期物联网集成应用解决方案和智慧平台运营服务。
429,968,蓝焰控股,山西蓝焰控股股份有限公司,山西,太原市,19.04亿,4.75亿,2086,2000-06-22,--,,煤炭开采洗选,煤层气(煤矿瓦斯),煤矿瓦斯治理及煤层气勘探、开发与利用业务。
430,969,安泰科技,安泰科技股份有限公司,北京,北京市,46.60亿,4777.04万,5566,2000-05-29,--,,其他金属新材料,高端粉末冶金材料及制品产业、先进功能材料及器件产业,先进金属材料的研发、生产与销售，包括能源用先进材料及制品，特种材料制品及装备，超硬材料及工具三个领域。
431,970,中科三环,北京中科三环高技术股份有限公司,北京,北京市,38.95亿,3.34亿,5537,2000-04-20,--,,磁性材料,钕铁硼永磁材料、电动自行车,稀土永磁材料和新型磁性材料及其应用产品的研究开发、生产和销售。
432,971,ST高升,高升控股股份有限公司,湖北,仙桃市,8.68亿,1.57亿,754,2000-04-27,--,,云服务(含IDC、CDN),网络通信服务、虚拟专用网服务、通信网络建设技术服务,以IDC(互联网数据中心)、CDN(内容分发网络)、APM(应用性能管理)为主的互联网基础云服务。
433,972,ST中基,中基健康产业股份有限公司,新疆,五家渠市,5.18亿,9012.70万,149,2000-09-26,--,,番茄加工,大桶番茄酱、番茄红素胶囊、租赁服务,大包装浓缩番茄酱；去皮番茄和番茄丁、小罐番茄制品；番茄红素胶囊、番茄纤维片生产及销售。
434,973,佛塑科技,佛山佛塑科技集团股份有限公司,广东,佛山市,25.12亿,1.18亿,3153,2000-05-25,--,,塑料制品,渗析材料、光电材料、阻隔材料,从事各类先进高分子新材料的生产与销售。
435,975,银泰黄金,银泰黄金股份有限公司,内蒙古,锡林郭勒盟,22.27亿,5.09亿,1571,2000-06-08,--,,铅锌,合质金、合质金含银、铅锌铜精矿含银、锌精矿、铅精矿、铜精矿、白银贸易、铜贸易、铝贸易、锡锭贸易,贵金属和有色金属矿采选及金属贸易。
436,976,华铁股份,广东华铁通达高铁装备股份有限公司,广东,江门市,17.38亿,4.94亿,775,2000-06-01,--,,轨道交通设备,高铁配件产品,轨道交通装备制造。
437,977,浪潮信息,浪潮电子信息产业股份有限公司,山东,济南市,254.88亿,4.24亿,7421,2000-06-08,--,,PC、服务器及硬件,服务器及部件、IT终端及散件,服务器等云计算基础设施产品的研发、生产、销售。
438,978,桂林旅游,桂林旅游股份有限公司,广西,桂林市,5.56亿,3786.05万,2205,2000-05-18,--,,景区,旅游服务业,游船客运、景区旅游业务、酒店、公路旅行客运、出租车业务等。
439,980,众泰汽车,众泰汽车股份有限公司,浙江,金华市,208.04亿,12.57亿,1612,2000-06-16,--,,乘用车,交通运输设备、门业产品,汽车整车研发、制造及销售。
440,981,银亿股份,银亿股份有限公司,甘肃,兰州市,127.03亿,16.64亿,10916,2000-06-22,--,,房地产开发,无级变速器、汽车安全气囊气体发生器、房产销售、物业管理,高端制造业和房地产业。
序号,股票代码,股票简称,公司名称,省份,城市,主营业务收入(201712),净利润(201712),员工人数,上市日期,招股书,公司财报,行业分类,产品类型,主营业务
441,982,中银绒业,宁夏中银绒业股份有限公司,宁夏,银川市,27.97亿,4699.33万,177,2000-07-06,--,,纺织面料,纺织品,羊绒和羊绒制品贸易，并通过并购进入新能源锂电池正负极材料生产和销售。
442,983,山西焦煤,山西焦煤能源集团股份有限公司,山西,太原市,286.55亿,18.38亿,31627,2000-07-26,--,,煤炭开采洗选,煤炭、电力热力、焦炭及化工产品,煤炭的生产、洗选加工、销售及发供电，矿山开发设计施工、矿用及电力器材生产经营等。
443,985,大庆华科,大庆华科股份有限公司,黑龙江,大庆市,15.30亿,4815.51万,573,2000-07-26,--,,其他化学制品,化工、药品,石油化工产品的生产和销售，同时还包括进出口业务、仓储保管服务等其它业务。
444,987,越秀金控,广州越秀金融控股集团股份有限公司,广东,广州市,53.31亿,8.60亿,1097,2000-07-18,--,,其他非银行金融,不良资产管理、投资管理、融资租赁、期货,不良资产管理、融资租赁、私募基金管理和资本投资等业务。
445,988,华工科技,华工科技产业股份有限公司,湖北,武汉市,44.81亿,3.21亿,8270,2000-06-08,--,,电子零部件,激光加工及系列成套设备、光电器件系列产品、激光全息防伪系列产品、敏感元器件,激光技术及其应用
446,989,九芝堂,九芝堂股份有限公司,湖南,长沙市,37.97亿,7.12亿,4777,2000-06-28,--,,中药生产,中成药、西成药、生物药品,中药研发、生产和销售等业务为核心，逐步探索布局干细胞、中医医疗健康服务、药食同源系列产品等创新业务。
447,990,诚志股份,诚志股份有限公司,江西,南昌市,56.95亿,7.86亿,4418,2000-07-06,--,,其他化学制品,工业气体产品、液体化学产品,"工业气体及基础化工原料的综合运营,半导体显示材料的生产,销售生命科技产品的生产和销售以及工业大麻的种植,研究,加工及其产品的销售。"
448,993,闽东电力,福建闽东电力股份有限公司,福建,宁德市,9.01亿,2206.75万,1702,2000-07-31,--,,水电,电力销售、商品房销售（住宅）、贸易业务,电力生产与开发。
449,995,*ST皇台,甘肃皇台酒业股份有限公司,甘肃,武威市,4760.51万,-1.18亿,430,2000-08-07,--,,白酒,粮食白酒、葡萄酒、鲜葡萄、葡萄原汁,白酒酿造与销售；葡萄酒酿造与销售；酿酒葡萄种植。
450,996,中国中期,中国中期投资股份有限公司,北京,北京市,6092.86万,3025.62万,67,2000-07-18,--,,汽车服务,汽车服务业务、零售业务、基金业务,汽车服务业务。
451,997,新大陆,新大陆数字技术股份有限公司,福建,福州市,49.20亿,6.79亿,6615,2000-08-07,--,,专用计算机设备,制造业、服务业,通过商户服务平台，为商户提供第三方支付服务、金融服务等商户综合运用服务；为电子支付行业和信息识别行业客户提供终端产品和系统解决方案；为移动通信行业和高速公路行业客户提供软件和系统开发等信息化服务。
452,998,隆平高科,袁隆平农业高科技股份有限公司,湖南,长沙市,31.90亿,8.92亿,2708,2000-12-11,--,,种子,水稻种子、玉米种子,农作物高科技种子及种苗的研发、繁育、推广及服务。
453,999,华润三九,华润三九医药股份有限公司,广东,深圳市,111.20亿,13.26亿,15420,2000-03-09,--,,中药生产,医药产品,医药产品的研发、生产、销售及相关健康服务。
454,1201,东瑞股份,东瑞食品集团股份有限公司,广东,河源市,6.34亿,5168.43万,1061,2021-04-28,,,--,生猪类产品、饲料类产品,生猪的养殖和销售。
455,1202,炬申股份,广东炬申物流股份有限公司,广东,佛山市,2.25亿,1826.99万,470,2021-04-29,,,--,运输业务、仓储综合业务,为客户提供有色金属的运输服务（包括自有运输服务和货运代理服务）、仓储及其增值服务等综合物流服务。
456,1203,大中矿业,内蒙古大中矿业股份有限公司,内蒙古,巴彦淖尔市,13.76亿,1.33亿,3149,2021-05-10,,,--,铁精粉、球团,铁矿石采选、铁精粉和球团生产销售、副产品机制砂石的加工销售。
457,1205,盛航股份,南京盛航海运股份有限公司,江苏,南京市,2.67亿,3432.69万,462,2021-05-13,,,--,化学品运输业务、油品运输业务,从事国内沿海、长江中下游液体化学品、成品油水上运输业务。
458,1206,依依股份,天津市依依卫生用品股份有限公司,天津,天津市,7.43亿,1908.42万,1438,2021-05-18,,,--,卫生护理用品、无纺布,一次性卫生护理用品及无纺布的研发、生产和销售。
459,1207,联科科技,山东联科科技股份有限公司,山东,潍坊市,6.64亿,5433.41万,623,2021-06-23,,,--,二氧化硅、炭黑、硅酸钠,从事二氧化硅和炭黑的研发、生产与销售。
460,1208,华菱线缆,湖南华菱线缆股份有限公司,湖南,湘潭市,9.20亿,2875.63万,614,2021-06-24,,,--,特种电缆、电力电缆、电气装备用电缆、裸导线,电线电缆的研发、生产及销售。
序号,股票代码,股票简称,公司名称,省份,城市,主营业务收入(201712),净利润(201712),员工人数,上市日期,招股书,公司财报,行业分类,产品类型,主营业务
461,1209,洪兴股份,广东洪兴实业股份有限公司,广东,汕头市,6.52亿,6539.78万,2019,2021-07-23,,,--,家居服、内衣内裤,家居服饰的研发、设计、生产及销售。
462,1210,金房节能,北京金房暖通节能技术股份有限公司,北京,北京市,6.15亿,7542.87万,741,2021-07-29,,,--,供热运营服务、节能改造服务、节能产品,供热运营服务、供热领域节能改造服务和节能产品的研发、生产与销售。
463,1211,双枪科技,双枪科技股份有限公司,浙江,杭州市,5.00亿,4100.04万,1362,2021-08-05,,,--,餐厨配件,日用餐厨具的生产、销售。
464,1212,中旗新材,广东中旗新材料股份有限公司,广东,佛山市,5.42亿,7926.41万,1004,2021-08-23,,,--,人造石英石板材、人造石英石台面,专业从事人造石英石装饰材料的研发、生产、销售和服务。
465,1213,中铁特货,中铁特货物流股份有限公司,北京,北京市,60.92亿,3.94亿,3366,2021-09-08,,,--,商品汽车物流、冷链物流、大件货物物流,从事商品汽车物流、冷链物流和大件货物物流业务。
466,1215,千味央厨,郑州千味央厨食品股份有限公司,河南,郑州市,5.93亿,4655.91万,2171,2021-09-06,,,--,定制化和标准化的速冻面米制品,面向餐饮企业的速冻面米制品的研发、生产和销售。
467,1216,华瓷股份,湖南华联瓷业股份有限公司,湖南,株洲市,7.28亿,6086.39万,5338,2021-10-19,,,--,日用陶瓷、工业陶瓷,日用陶瓷制品的研发、设计、生产和销售。
468,1217,华尔泰,安徽华尔泰化工股份有限公司,安徽,池州市,11.23亿,1.17亿,1024,2021-09-29,,,--,基础化工产品、精细化工产品,化工产品的研发、生产与销售。
469,1218,丽臣实业,湖南丽臣实业股份有限公司,湖南,长沙市,18.05亿,5176.06万,716,2021-10-15,,,--,表面活性剂、洗涤,表面活性剂和洗涤用品的研发、生产、销售。
470,1219,青岛食品,青岛食品股份有限公司,山东,青岛市,4.44亿,4771.32万,573,2021-10-21,,,--,钙奶饼干、休闲饼干、花生酱,饼干与花生酱等休闲食品的研发、生产及销售。
471,1222,源飞宠物,温州源飞宠物玩具制品股份有限公司,--,--,--,--,2712,2022-08-18,,,--,宠物牵引用具、宠物零食、宠物注塑玩具,专注于宠物用品和宠物零食的研发、生产和销售。
472,1226,拓山重工,安徽拓山重工股份有限公司,--,--,--,--,720,2022-06-22,,,--,工程机械零部件,工程机械零部件及总成研发、设计、生产、销售与服务。
473,1227,兰州银行,兰州银行股份有限公司,--,--,65.77亿,23.78亿,4121,2022-01-17,,,--,公司银行业务、个人银行业务、资金业务,公司银行业务、零售银行业务和资金业务等。
474,1228,永泰运,永泰运化工物流股份有限公司,--,--,5.37亿,6538.57万,607,2022-04-29,--,,--,跨境化工物流服务、仓储堆存、道路运输,跨境化工物流供应链服务。
475,1229,魅视科技,广东魅视科技股份有限公司,--,--,--,--,220,2022-08-08,,,--,分布式系统、矩阵拼接类产品、智能多媒体中央控制系统,专注于专业视听产品的研发、生产、销售及应用。
476,1230,劲旅环境,劲旅环境科技股份有限公司,--,--,--,--,36069,2022-07-15,,,--,环卫投资运营管理服务、装备制造,环境卫生领域的投资运营管理服务及装备制造。
477,1231,农心科技,农心作物科技股份有限公司,--,--,--,--,491,2022-08-19,,,--,除草剂、杀菌剂、杀虫剂,农药制剂产品的研发、生产与销售。
478,1234,泰慕士,江苏泰慕士针纺科技股份有限公司,--,--,6.51亿,6994.55万,2208,2022-01-11,,,--,针织服装、针织面料,针织面料与针织服装的研发、生产和销售。
479,1235,里得电科,武汉里得电力科技股份有限公司,--,--,1.31亿,2331.51万,412,--,,,--,配网不停电作业专用车辆 、配网不停电作业专用设备 、配网不停电作业专用工具、其他产品和专业服务,"配网不停电作业专用车辆,专用设备,专用工具,专业服务和系统解决方案的提供者。"
480,1236,弘业期货,弘业期货股份有限公司,--,--,5.23亿,9233.21万,659,2022-08-05,,,--,商品期货经纪、金融期货经纪、期货投资咨询、资产管理、基金销售、金融资产投资业务,商品期货经纪、金融期货经纪、期货投资咨询、资产管理、基金销售、金融资产投资业务。
序号,股票代码,股票简称,公司名称,省份,城市,主营业务收入(201712),净利润(201712),员工人数,上市日期,招股书,公司财报,行业分类,产品类型,主营业务
481,1238,浙江正特,浙江正特股份有限公司,--,--,--,--,2047,2022-09-19,,,--,遮阳篷、遮阳伞、户外家具、宠物屋、晾晒用具,从事户外休闲家具及用品的研发、生产、销售、服务。
482,1255,博菲电气,浙江博菲电气股份有限公司,--,--,--,--,375,2022-09-30,,,--,绝缘树脂、槽楔与层压制品、纤维制品、云母制品、绑扎制品、复合材料绝缘件,电气绝缘材料等高分子复合材料的研发、生产与销售。
483,1256,炜冈科技,浙江炜冈科技股份有限公司,--,--,--,--,344,--,,,--,标签印刷设备,标签印刷设备的研发、生产和销售。
484,1258,立新能源,新疆立新能源股份有限公司,--,--,--,--,141,2022-07-27,,,--,电力,风力发电、光伏发电项目的投资、开发、建设和运营。
485,1259,利仁科技,北京利仁科技股份有限公司,--,--,5.19亿,2042.00万,656,2022-08-31,,,--,厨房小家电、家居小家电、非电类产品,厨房小家电与家居小家电系列产品研发、设计、生产与销售。
486,1266,宏英智能,上海宏英智能科技股份有限公司,--,--,--,--,408,2022-02-28,,,--,智能电控产品、智能电控总成,智能电控产品及智能电控总成的研发、生产、销售。
487,1267,汇绿生态,汇绿生态科技集团股份有限公司,--,--,9.27亿,1.23亿,394,2021-11-17,--,,--,林工程施工、园林景观设计、苗木种植,园林工程施工、园林景观设计及苗木种植等，能够完整的提供从苗木种植、园林工程设计、施工及后续绿化养护等全产业链服务。
488,1268,联合精密,广东扬山联合精密制造股份有限公司,--,--,--,--,1123,2022-06-30,,,--,活塞、气缸、轴承、曲轴,精密机械零部件的研发、生产及销售。
489,1269,欧晶科技,内蒙古欧晶科技股份有限公司,--,--,3.45亿,6307.01万,2270,2022-09-30,,,--,石英坩埚、硅材料清洗服务、切削液处理服务,石英坩埚产品、硅材料清洗服务、切削液处理服务。
490,1270,铖昌科技,浙江铖昌科技股份有限公司,--,--,--,--,155,2022-06-06,,,--,放大器类芯片、幅相控制类芯片、无源类芯片,微波毫米波模拟相控阵T/R芯片的研发、生产、销售和技术服务。
491,1283,豪鹏科技,深圳市豪鹏科技股份有限公司,--,--,--,--,4409,2022-09-05,,,--,聚合物软包锂离子电池、圆柱锂离子电池、镍氢电池,锂离子电池、镍氢电池的研发、设计、制造和销售。
492,1288,运机集团,四川省自贡运输机械集团股份有限公司,--,--,6.26亿,7202.00万,774,2021-11-01,,,--,通用带式输送机、管状带式输送机、水平转弯带式输送机,从事以带式输送机为主的节能环保型输送机械成套设备的研发、设计、生产和销售。
493,1289,龙源电力,龙源电力集团股份有限公司,--,--,245.90亿,45.79亿,8053,2022-01-24,--,,--,电力,在中国风资源丰富的地区设计、开发、建设、管理及运营风电场，并向各地方电网公司销售电力。
494,1296,长江材料,重庆长江造型材料(集团)股份有限公司,--,--,--,--,874,2021-12-24,,,--,柴油机系列、覆膜砂系列,"铸造用硅砂,覆膜砂和砂芯的研发,生产和销售；铸造废(旧)砂再生技术和设备的研发,生产；压裂支撑剂的研发,生产和销售。"
495,1298,好上好,深圳市好上好信息科技股份有限公司,--,--,--,--,471,2022-10-31,,,--,SoC芯片、无线芯片及模块、电源及功率器件、模拟/数字器件、存储器、LED器件、传感器、处理器、光电器件、结构件及被动器件等各类电子元器件、智能家居产品、物联网无线模组、公网通讯设备、MCU、逻辑器件,电子元器件分销业务、物联网产品设计及制造业务以及芯片定制业务。
496,1299,美能能源,陕西美能清洁能源集团股份有限公司,--,--,3.22亿,6812.25万,344,2022-10-31,,,--,市燃气销售、加气站运营、配套设施、燃器具销售及安装,城市燃气销售、加气站运营以及配套设施、燃器具销售及安装等。
497,1300,三柏硕,青岛三柏硕健康科技股份有限公司,--,--,--,--,1133,2022-10-19,,,--,休闲运动器材、健身器材,休闲运动和健身器材系列产品研发、设计、生产和销售。
498,1308,康冠科技,深圳市康冠科技股份有限公司,--,--,--,--,6104,2022-03-18,,,--,智能交互显示产品、智能电视,智能显示产品的研发、生产以及销售。
499,1309,德明利,深圳市德明利技术股份有限公司,--,--,2.20亿,746.49万,359,2022-07-01,--,,--,存储业务产品、触控业务产品,闪存主控芯片设计、研发，存储模组产品应用方案的开发、优化，以及存储模组产品的销售。
500,1313,粤海饲料,广东粤海饲料集团股份有限公司,--,--,45.77亿,2.47亿,3423,2022-02-16,,,--,特种水产配合饲料、普通水产配合饲料,从事水产饲料研发、生产及销售，并以虾料、海水鱼料等特种水产饲料为主。
序号,股票代码,股票简称,公司名称,省份,城市,主营业务收入(201712),净利润(201712),员工人数,上市日期,招股书,公司财报,行业分类,产品类型,主营业务
501,1316,润贝航科,润贝航空科技股份有限公司,--,--,--,--,157,2022-06-24,,,--,民用航空油料、航空原材料、航空化学品、清洗剂、消毒液、内饰壁纸、胶带,服务型航材分销商。
502,1317,三羊马,三羊马(重庆)物流股份有限公司,--,--,7.85亿,9364.55万,812,2021-11-30,--,,--,汽车整车综合物流服务、非汽车商品综合物流服务、仓储服务,从事汽车整车综合运输服务业务、非汽车商品综合运输服务业务、仓储服务。
503,1318,阳光乳业,江西阳光乳业股份有限公司,--,--,--,--,1101,2022-05-20,,,--,乳制品、乳饮料、乳粉,液态乳、含乳饮料等产品的研发、生产、销售
504,1319,铭科精技,铭科精技控股股份有限公司,--,--,--,--,1605,2022-05-12,,,--,模具、金属结构件,从事精密冲压模具和金属结构件的研发、生产和销售。
505,1322,箭牌家居,箭牌家居集团股份有限公司,--,--,--,--,17071,2022-10-26,,,--,卫生陶瓷、龙头五金、浴室家具、瓷砖、浴缸浴房、定制橱衣柜、其他品类及配件,集研发、生产、销售与服务于一体，为消费者提供一站式智慧家居解决方案。
506,1323,慕思股份,慕思健康睡眠股份有限公司,--,--,--,--,7358,2022-06-23,,,--,中高端床垫、床架、床品和其他产品,"床垫,床架,床品及其配套家居的研发,设计,生产和销售。"
507,1330,博纳影业,博纳影业集团股份有限公司,--,--,19.97亿,1.99亿,1734,2022-08-18,,,--,电影业务、影院业务,电影业务、影院业务
508,1331,胜通能源,胜通能源股份有限公司,--,--,--,--,1082,2022-09-08,,,--,LNG、运输服务,LNG的采购、运输、销售以及原油、普货的运输服务。
509,1332,锡装股份,无锡化工装备股份有限公司,--,--,4.19亿,4758.41万,737,2022-09-20,,,--,换热压力容器、分离压力容器、反应压力容器、储存压力容器、海洋油气装置模块,从事金属压力容器的研发、设计、制造、销售及相关技术服务。
510,1333,光华股份,浙江光华科技股份有限公司,--,--,5.85亿,2964.72万,310,--,--,,--,户外型聚酯树脂、户内型聚酯树脂,粉末涂料用聚酯树脂的研发、生产和销售。
511,1336,楚环科技,杭州楚环科技股份有限公司,--,--,--,--,374,2022-07-25,,,--,生物除臭设备、离子除臭设备、水处理设备和设备维修服务,集研发、设计、制造、销售、服务为一体的废气恶臭治理系统解决方案服务商。
512,1338,永顺泰,粤海永顺泰集团股份有限公司,--,--,--,--,751,2022-11-16,,,--,麦芽,主要从事麦芽的研发、生产和销售。
513,1339,智微智能,深圳市智微智能科技股份有限公司,--,--,--,--,1709,2022-08-15,,,--,教育办公类产品、消费类产品、网络设备类产品、网络安全类产品、零售类及其他产品,教育办公类、消费类、网络设备类、网络安全类、零售类及其他电子设备产品的研发、生产、销售及服务。
514,1696,宗申动力,重庆宗申动力机械股份有限公司,重庆,重庆市,51.97亿,3.37亿,7656,1997-03-06,--,,汽车零部件,发动机、通机、产品零部件,从事小型热动力机械产品及部分终端产品的研发、制造、销售。
515,1872,招商港口,招商局港口集团股份有限公司,广东,深圳市,75.45亿,54.38亿,15892,1993-05-05,--,,--,港口装卸仓储业务、港口配套业务、保税物流业务,从事集装箱和散杂货的港口装卸、仓储、运输及其它配套服务
516,1896,豫能控股,河南豫能控股股份有限公司,河南,郑州市,87.60亿,2616.20万,3357,1998-01-22,--,,火电,火电项目投资管理业务、煤炭物流业务、新能源业务、综合能源服务业务,火电项目的投资管理、煤炭物流、新能源、综合能源服务等。
517,1914,招商积余,招商局积余产业运营服务股份有限公司,广东,深圳市,58.93亿,-3472.81万,44761,1994-09-28,--,,--,物业管理业务、资产管理业务,物业资产管理与服务。
518,1965,招商公路,招商局公路网络科技控股股份有限公司,天津,天津市,53.41亿,40.19亿,5459,2017-12-25,--,,--,投资运营、交通科技、智慧交通,公路相关的经营收费公路业务和交通科技业务。
519,1979,招商蛇口,招商局蛇口工业区控股股份有限公司,广东,深圳市,759.38亿,154.41亿,54735,2015-12-30,--,,房地产开发,园区开发与运营、社区开发与运营、邮轮产业建设与运营,园区开发与运营、社区开发与运营、邮轮产业建设与运营。
520,2001,新和成,浙江新和成股份有限公司,浙江,绍兴市,62.35亿,17.14亿,10805,2004-06-25,--,,化学原料药,营养品、香精香料,营养品、香精香料、高分子新材料、原料药生产和销售。
序号,股票代码,股票简称,公司名称,省份,城市,主营业务收入(201712),净利润(201712),员工人数,上市日期,招股书,公司财报,行业分类,产品类型,主营业务
521,2002,鸿达兴业,鸿达兴业股份有限公司,江苏,扬州市,65.41亿,10.13亿,4445,2004-06-25,--,,其他化学制品,PVC新材料、环境修复工程服务、防疫产品、工业原材料现货电子交易、综合物流服务及信息技术支持、稀土新材料,氢能源产业、化工产业、新材料产业、大环保产业、电子交易平台综合服务。
522,2003,伟星股份,浙江伟星实业发展股份有限公司,浙江,台州市,26.24亿,4.09亿,8580,2004-06-25,--,,服饰辅料,纺织服装、服饰、软件和信息技术服务,从事各类中高档服饰辅料产品的研发、生产与销售。
523,2004,华邦健康,华邦生命健康股份有限公司,重庆,重庆市,91.83亿,5.89亿,12206,2004-06-25,--,,农药,医药业务、医疗业务、农化业务,医药及农化、新材料产品的研发、生产、销售，医疗服务、旅游投资及运营业务。
524,2005,ST德豪,安徽德豪润达电气股份有限公司,安徽,蚌埠市,42.03亿,-9.66亿,5227,2004-06-25,--,,LED,小家电、LED产品,小家电业务和LED封装业务。
525,2006,精功科技,浙江精功科技股份有限公司,浙江,绍兴市,9.50亿,9413.68万,1232,2004-06-25,--,,其他专用机械,太阳能光伏专用装备、新型建筑节能专用设备、轻纺专用设备、碳纤维及复合材料装备、机器人及智能装备、精密制造加工业务及军民融合项目开发,从事碳纤维及复合材料装备、机器人及智能装备、太阳能光伏专用装备、新型建筑节能专用设备、轻纺专用设备等高新技术产品的研制开发、生产销售和技术服务以及精密制造加工业务和军民融合项目开发。
526,2007,华兰生物,华兰生物工程股份有限公司,河南,新乡市,23.68亿,8.04亿,2927,2004-06-25,--,,生物医药,血液制品业务、疫苗制品、创新药和生物类似药,血液制品、疫苗、基因工程产品研发、生产和销售。
527,2008,大族激光,大族激光科技产业集团股份有限公司,广东,深圳市,115.60亿,17.11亿,15460,2004-06-25,--,,电子零部件,其他专用设备,主要从事激光加工设备的研发、生产与销售。
528,2009,天奇股份,天奇自动化工程股份有限公司,江苏,无锡市,24.58亿,9353.36万,2904,2004-06-29,--,,智能装备,智能装备、循环装备、汽车后市场、重工装备,以汽车智能装备、智能仓储、散料输送及智慧工业服务为主的智能装备产业;以废钢加工设备、报废汽车拆解设备、有色金属加工及分选设备为主的循环装备产业;以报废汽车回收拆解、汽车核心零部件再制造及动力电池回收资源化利用为主的汽车后市场产业;以风电铸件业务为主的重工装备产业。
529,2010,传化智联,传化智联股份有限公司,浙江,杭州市,192.80亿,5.40亿,5314,2004-06-29,--,,印染化学品,印染助剂、皮革化纤油剂、涂料及建筑化学品、顺丁橡胶、网络货运平台业务、物流供应链业务、车后业务、智能公路港业务、支付、保险及其他业务、房产销售及工程代建,传化网智能物流业务与化工业务。
530,2011,盾安环境,浙江盾安人工环境股份有限公司,浙江,杭州市,82.79亿,8191.91万,10990,2004-07-05,--,,制冷配件,制冷设备产业、制冷配件产业、节能产业,包括制冷元器件、制冷空调设备的研发、生产和销售。
531,2012,凯恩股份,浙江凯恩特种材料股份有限公司,浙江,丽水市,10.28亿,4172.94万,1076,2004-07-05,--,,造纸,电气及工业用配套材料、过滤材料、特种包装材料,研发、生产、销售高附加值纸基功能材料。
532,2013,中航机电,中航工业机电系统股份有限公司,湖北,襄阳市,111.81亿,7.35亿,29118,2004-07-05,--,,航空装备,航空机电产品,航空机电产品的设计研发、生产制造、市场开拓、售后服务、维修保障。
533,2014,永新股份,黄山永新股份有限公司,安徽,黄山市,20.08亿,2.11亿,2131,2004-07-08,--,,包装印刷,彩印包装材料、镀铝包装材料、塑料软包装薄膜、油墨、其他,"生产经营真空镀膜,多功能薄膜,彩印复合软包装材料,纸基复合包装材料,新型医药包装材料,塑料制品,精细化工产品等高新技术产品。"
534,2015,协鑫能科,协鑫能源科技股份有限公司,江苏,苏州市,4.10亿,865.13万,3037,2004-07-08,--,,涤纶,电力销售、蒸汽销售、色纺产品,清洁能源发电、热电联产及综合能源服务。
535,2016,世荣兆业,广东世荣兆业股份有限公司,广东,珠海市,31.05亿,9.11亿,880,2004-07-08,--,,房地产开发,房地产,房地产开发经营。
536,2017,东信和平,东信和平科技股份有限公司,广东,珠海市,11.90亿,3744.67万,1629,2004-07-13,--,,通信终端设备,智能卡产品、数字身份及安全产品、行业系统解决方案,数字信息安全产品及系统解决方案。
537,2019,亿帆医药,亿帆医药股份有限公司,浙江,杭州市,43.73亿,12.66亿,4285,2004-07-13,--,,生物医药,医药产品、原料药、高分子材料,医药产品、原料药和高分子材料的研发、生产、销售及药品推广服务。
538,2020,京新药业,浙江京新药业股份有限公司,浙江,绍兴市,22.19亿,2.67亿,3490,2004-07-15,--,,化学原料药,心脑血管药物、神经系统药物、消化系统药物、喹诺酮类抗感染原料药、他汀类原料药、精神类原料药,化学制剂、传统中药、生物制剂、化学原料药、医疗器械的研发、生产及销售。
539,2021,ST中捷,中捷资源投资股份有限公司,浙江,台州市,10.02亿,-9459.83万,1428,2004-07-15,--,,纺织服装机械,工业缝制机械,中、高档工业缝制机械的研发、生产和销售业务。
540,2022,*ST科华,上海科华生物工程股份有限公司,上海,上海市,15.94亿,2.21亿,1485,2004-07-21,--,,生物医药,诊断用品,体外诊断试剂、医疗检验仪器的研发、生产和销售。
序号,股票代码,股票简称,公司名称,省份,城市,主营业务收入(201712),净利润(201712),员工人数,上市日期,招股书,公司财报,行业分类,产品类型,主营业务
541,2023,海特高新,四川海特高新技术股份有限公司,四川,成都市,4.26亿,1849.33万,1179,2004-07-21,--,,航空装备,高端核心装备研制与保障、高性能集成电路设计与制造、飞行培训、微电子,高端核心装备研制与保障、高性能第二代/第三代集成电路设计与制造、航空工程技术与服务。
542,2024,ST易购,苏宁易购集团股份有限公司,江苏,南京市,1879.28亿,40.50亿,46036,2004-07-21,--,,专业连锁,日用百货、通讯产品、小家电产品、冰箱、洗衣机、数码电脑产品、空调产品、黑电产品、物流服务、安装维修业务,家用电器及消费类电子的销售和服务。
543,2025,航天电器,贵州航天电器股份有限公司,贵州,贵阳市,26.12亿,3.45亿,4906,2004-07-26,--,,电子零部件,连接器、微特电机、继电器、光通信器件,高端继电器、连接器、微特电机、光电子产品、电缆组件的研制、生产和销售。
544,2026,山东威达,山东威达机械股份有限公司,山东,威海市,14.69亿,1.24亿,3215,2004-07-27,--,,基础件,电动工具配件、粉末冶金件、锯片产品、机床、自动设备,"钻夹头,电动工具开关,粉末冶金件,精密铸造制品,锯片,机床及附件,智能制造系统集成及智能装备的研发,生产和销售。"
545,2027,分众传媒,分众传媒信息技术股份有限公司,广东,广州市,120.14亿,59.73亿,5872,2004-08-04,--,,网络媒体,楼宇媒体、影院媒体,生活圈媒体的开发和运营。
546,2028,思源电气,思源电气股份有限公司,上海,上海市,44.95亿,2.77亿,6099,2004-08-05,--,,电气自控设备,开关类、线圈类、无功补偿类、智能设备类,输配电设备的研发、生产、销售及服务。
547,2029,七匹狼,福建七匹狼实业股份有限公司,福建,泉州市,30.85亿,3.43亿,2525,2004-08-06,--,,男装,服装、信息技术及服务、其他,“七匹狼”品牌男装及针纺类产品的设计、生产和销售。
548,2030,达安基因,广州达安基因股份有限公司,广东,广州市,15.42亿,9612.06万,2713,2004-08-09,--,,生物医药,试剂类、仪器类、检测服务,以分子诊断技术为主导的，集临床检验试剂和仪器的研发、生产、销售以及全国连锁医学独立实验室临床检验服务。
549,2031,巨轮智能,巨轮智能装备股份有限公司,广东,揭阳市,11.55亿,1.29亿,2068,2004-08-16,--,,智能装备,汽车轮胎装备、智能装备制造、现代服务,轮胎专用制造设备的研发、生产和销售。
550,2032,苏泊尔,浙江苏泊尔股份有限公司,浙江,杭州市,145.42亿,13.26亿,11840,2004-08-17,--,,小家电,明火炊具品类、厨房小家电品类、厨卫电器品类、生活家居电器类,厨房用具、不锈钢制品、日用五金、小型家电及炊具的研发、生产和销售。
551,2033,丽江股份,丽江玉龙旅游股份有限公司,云南,丽江市,6.87亿,2.17亿,1666,2004-08-25,--,,景区,旅游索道、印象丽江文艺演出、酒店、其他业务,旅游索道、印象丽江文艺演出、酒店、其他业务。
552,2034,旺能环境,旺能环境股份有限公司,浙江,湖州市,14.05亿,2.70亿,2134,2004-08-26,--,,印染,生态保护和环境治理,"采用BOT、BOO、PPP等投资运营模式,承接全国各地生活垃圾焚烧发电、餐厨垃圾处理、污泥处理处置及其他固体废物资源综合利用等环保项目。"
553,2035,华帝股份,华帝股份有限公司,广东,中山市,57.31亿,5.27亿,5566,2004-09-01,--,,小家电,厨卫电器、环境电器、全屋定制产品,从事高端智能厨电、卫浴产品、定制家居等的研发、生产、销售。
554,2036,联创电子,联创电子科技股份有限公司,江西,南昌市,50.54亿,2.96亿,8410,2004-09-03,--,,光学元件,触控显示、光学元件、集成电路、终端制造,从事研发、生产及销售为智能手机、平板电脑、智能驾驶、运动相机、智能家居、VR/AR等配套的光学镜头、摄像模组及触控显示一体化等关键光学、光电子产品及智能终端产品制造。
555,2037,保利联合,保利联合化工控股集团股份有限公司,贵州,贵阳市,53.55亿,2.02亿,8361,2004-09-08,--,,民爆用品,民爆产品、爆破及工程施工,民爆器材产品研发、生产、销售、爆破、配送、工程技术服务、设计及施工等一体化经营业务。
556,2038,双鹭药业,北京双鹭药业股份有限公司,北京,北京市,12.42亿,5.29亿,761,2004-09-09,--,,生物医药,生物、生化药、化学药,基因工程及相关药物的研究开发和生产经营。
557,2039,黔源电力,贵州黔源电力股份有限公司,贵州,贵阳市,24.19亿,5.43亿,734,2005-03-03,--,,水电,电力、其他,水力发电站(厂)的开发建设与经营管理
558,2040,南京港,南京港股份有限公司,江苏,南京市,6.78亿,1.30亿,959,2005-03-25,--,,港口,交通运输服务,提供原油、成品油、液体化工产品及普通货物的装卸、仓储服务、为船舶提供码头、在港区内提供物流服务。
559,2041,登海种业,山东登海种业股份有限公司,山东,烟台市,8.04亿,1.36亿,716,2005-04-18,--,,种子,农作物种子,农作物新品种选育、许可证规定经营范围内的农作物种子生产、分装、销售。
560,2042,华孚时尚,华孚时尚股份有限公司,安徽,淮北市,125.97亿,7.03亿,16566,2005-04-27,--,,棉纺,纱线、网链、祙制品,主营中高档色纺纱线，配套提供高档新型的坯纱、染色纱，同时提供流行趋势、原料与产品认证、技术咨询等增值服务。
序号,股票代码,股票简称,公司名称,省份,城市,主营业务收入(201712),净利润(201712),员工人数,上市日期,招股书,公司财报,行业分类,产品类型,主营业务
561,2043,兔宝宝,德华兔宝宝装饰新材股份有限公司,浙江,湖州市,41.20亿,3.64亿,4158,2005-05-10,--,,其他建材,装饰材料、成品家具、科技木、电商运营、品牌授权,装饰材料和成品家居的研发、生产和销售。
562,2044,美年健康,美年大健康产业控股股份有限公司,江苏,南通市,62.82亿,6.34亿,35080,2005-05-18,--,,医疗服务,医疗行业,健康体检服务。
563,2045,国光电器,国光电器股份有限公司,广东,广州市,40.49亿,1.28亿,4002,2005-05-23,--,,电子零部件,音箱及扬声器、电池、电子零配件,音响电声类业务及锂电池业务。
564,2046,国机精工,国机精工股份有限公司,河南,郑州市,14.94亿,4309.17万,1809,2005-05-26,--,,基础件,轴承行业、磨料磨具行业、贸易、工程承包,轴承行业、磨料磨具行业及相关领域的研发制造、行业服务与技术咨询、贸易服务等。
565,2047,宝鹰股份,深圳市宝鹰建设控股集团股份有限公司,广东,深圳市,71.64亿,3.84亿,2066,2005-05-31,--,,装修装饰,装修装饰,综合建筑装饰装修工程设计及施工。
566,2048,宁波华翔,宁波华翔电子股份有限公司,浙江,宁波市,148.07亿,11.65亿,17193,2005-06-03,--,,汽车零部件,汽车配件,从事汽车零部件的开发、生产和销售。
567,2049,紫光国微,紫光国芯微电子股份有限公司,河北,唐山市,18.29亿,2.79亿,2066,2005-06-06,--,,集成电路,智能安全芯片业务、特种集成电路业务、半导体功率器件业务、石英晶体频率器件业务,"集成电路芯片设计与销售,压电石英晶体元器件的开发、生产和销售,LED蓝宝石衬底材料生产和销售。"
568,2050,三花智控,浙江三花智能控制股份有限公司,浙江,绍兴市,95.81亿,12.51亿,14478,2005-06-07,--,,制冷配件,制冷空调电器零部件、汽车零部件,制冷空调电器零部件业务和汽车零部件业务。
569,2051,中工国际,中工国际工程股份有限公司,北京,北京市,109.09亿,13.62亿,4456,2006-06-19,--,,专业工程,工程承包与成套设备、咨询设计、国内外贸易、装备制造,工程承包、设计咨询、装备研发与制造、投资运营、贸易物流。
570,2052,*ST同洲,深圳市同洲电子股份有限公司,广东,深圳市,6.73亿,665.36万,361,2006-06-27,--,,机顶盒,通信及相关设备制造业,广电全业务融合云平台、数字电视中间件、智能电视操作系统TVOS、智能数字终端、智能网关、数字电视前端设备等的研发、制造、服务与销售以及与智慧家庭相关的增值业务的开发、集成和运营。
571,2053,云南能投,云南能源投资股份有限公司,云南,昆明市,14.47亿,1.60亿,2411,2006-06-27,--,,调味品,盐业、天然气、风电,"食盐、工业盐、日化盐、芒硝等系列产品的生产销售,天然气管网建设、运营、天然气销售、入户安装服务以及陆上风力发电的运营。"
572,2054,德美化工,广东德美精细化工集团股份有限公司,广东,佛山市,24.56亿,3629.21万,1695,2006-07-25,--,,印染化学品,纺织化学品、皮革化学品、石油精细化学品,纺织化学品、皮革化学品、石油精细化学品的研发、生产、销售和提供专业服务。
573,2055,得润电子,深圳市得润电子股份有限公司,广东,深圳市,58.51亿,1.48亿,9547,2006-07-25,--,,电子零部件,电子器件、精密组件,电子连接器和精密组件的研发、生产及销售。
574,2056,横店东磁,横店集团东磁股份有限公司,浙江,金华市,62.97亿,6.08亿,15269,2006-08-02,--,,磁性材料,磁性材料、锂电池、光伏产品、器件,从事磁性材料+器件、光伏+锂电两大产业群相关产品的研发、生产、销售以及提供一站式技术解决方案的服务。
575,2057,中钢天源,中钢天源股份有限公司,安徽,马鞍山市,11.57亿,1.36亿,1517,2006-08-02,--,,磁性材料,工业原料、电子元器件、冶金、矿山、机电工程专用设备、金属制品、金属制品检测,检验检测服务业务和磁性材料的研发、生产及销售。
576,2058,威尔泰,上海威尔泰工业自动化股份有限公司,上海,上海市,1.12亿,281.64万,340,2006-08-02,--,,电气仪表,仪器、仪表,自动化仪器仪表的研发、生产和销售。
577,2059,云南旅游,云南旅游股份有限公司,云南,昆明市,20.26亿,1.13亿,2540,2006-08-10,--,,景区,旅游文化科技、文旅综合体运营、旅游综合服务,旅游文化科技、文旅综合体运营、旅游综合服务。
578,2060,粤水电,广东水电二局股份有限公司,广东,广州市,66.30亿,1.60亿,4181,2006-08-10,--,,水利建设,工程施工、产品销售、发电、勘测设计与咨询服务,主要业务是水利水电及轨道交通等工程建设，水力、风力、太阳能光伏清洁能源发电业务以及风电塔筒装备制造业务。
579,2061,浙江交科,浙江交通科技股份有限公司,浙江,杭州市,207.68亿,11.48亿,7815,2006-08-16,--,,聚氨酯,基建工程,基建工程业务。
580,2062,宏润建设,宏润建设集团股份有限公司,浙江,宁波市,81.27亿,2.73亿,1955,2006-08-16,--,,铁路城轨建设,建筑施工及市政基础设施投资业务、房地产业务、新能源开发业务,建筑施工、房地产开发、基础设施投资及新能源开发。
序号,股票代码,股票简称,公司名称,省份,城市,主营业务收入(201712),净利润(201712),员工人数,上市日期,招股书,公司财报,行业分类,产品类型,主营业务
581,2063,远光软件,远光软件股份有限公司,广东,珠海市,11.79亿,1.67亿,4470,2006-08-23,--,,行业应用软件,集团管理业务,提供电力行业财务和管理信息化全面解决方案
582,2064,华峰化学,华峰化学股份有限公司,浙江,温州市,41.50亿,3.85亿,7395,2006-08-23,--,,氨纶,化学纤维、化工新材料、基础化工产品,氨纶纤维、聚氨酯原液、己二酸等聚氨酯制品材料的研发、生产与销售。
583,2065,东华软件,东华软件股份公司,北京,北京市,72.90亿,6.65亿,11766,2006-08-23,--,,行业应用软件,应用软件开发、计算机信息系统集成、信息技术服务,行业应用软件开发、计算机信息系统集成及相关服务业务。
584,2066,瑞泰科技,瑞泰科技股份有限公司,北京,北京市,21.77亿,4309.52万,2938,2006-08-23,--,,耐火材料,玻璃板块、水泥板块、钢铁业务板块,定形和不定形耐火材料以及各类耐磨材料的研发、生产、销售以及综合服务。
585,2067,景兴纸业,浙江景兴纸业股份有限公司,浙江,嘉兴市,53.60亿,6.92亿,2025,2006-09-15,--,,造纸,原纸、纸箱及纸板、生活用纸,工业包装原纸、纸箱纸板和各类生活用纸的生产和销售。
586,2068,黑猫股份,江西黑猫炭黑股份有限公司,江西,景德镇市,69.47亿,4.94亿,4134,2006-09-15,--,,其他化学制品,炭黑、焦油精制产品、白炭黑,炭黑、焦油精制和白炭黑等产品的生产与销售。
587,2069,ST獐子岛,獐子岛集团股份有限公司,辽宁,大连市,32.06亿,-4.47亿,1973,2006-09-28,--,,海洋渔业,水产养殖、水产加工、水产贸易、冷链物流、旅游服务,从事海珍品种业、海水增养殖业、海洋食品研发与加工、冷链物流、渔业装备等产业。
588,2071,长城退,长城影视股份有限公司,江苏,苏州市,12.45亿,2.19亿,419,2006-10-12,--,,影视,影视行业、广告业、实景娱乐,影视剧的投资、制作、发行，广告营销及实景娱乐
589,2072,*ST凯瑞,凯瑞德控股股份有限公司,湖北,荆门市,7802.09万,-3518.79万,22,2006-10-18,--,,其他互联网服务,互联网、煤炭贸易、租赁服务,从事煤炭贸易业务及租赁业务。
590,2073,软控股份,软控股份有限公司,山东,青岛市,27.34亿,7636.74万,3296,2006-10-18,--,,其他专用机械,橡胶装备系统、合成橡胶材料,橡胶行业应用软件、信息化装备的研发与创新。
591,2074,国轩高科,国轩高科股份有限公司,安徽,合肥市,48.38亿,8.40亿,11410,2006-10-18,--,,电池,动力锂电池、输变电业务,动力锂电池和输配电设备两大业务板块。
592,2075,沙钢股份,江苏沙钢股份有限公司,江苏,苏州市,124.14亿,14.17亿,4229,2006-10-25,--,,普钢,弹簧钢、管坯钢、优质钢、海洋用钢、耐磨钢、汽车及工程机械用钢、钢坯、其他钢材,黑色金属冶炼及压延加工优特钢的生产与销售。
593,2076,*ST雪莱,广东雪莱特光电科技股份有限公司,广东,佛山市,10.26亿,3519.52万,354,2006-10-25,--,,LED,紫外线杀菌灯、LED照明、汽车照明、锂电池生产设备,紫外线杀菌灯、LED照明、汽车照明、锂电池生产设备。
594,2077,大港股份,江苏大港股份有限公司,江苏,镇江市,13.11亿,2725.02万,880,2006-11-16,--,,园区开发,房地产及园区开发、集成电路封装与测试、商贸物流及其他,集成电路、园区服务及房地产尾盘业务。
595,2078,太阳纸业,山东太阳纸业股份有限公司,山东,济宁市,188.94亿,22.50亿,13300,2006-11-16,--,,造纸,浆及纸制品、电及蒸汽,机制纸、纸制品、木浆、纸板的生产和销售。
596,2079,苏州固锝,苏州固锝电子股份有限公司,江苏,苏州市,18.55亿,1.49亿,1742,2006-11-16,--,,半导体分立器件,半导体整流器件二极管、导电银浆,分立器件和集成电路封测。
597,2080,中材科技,中材科技股份有限公司,江苏,南京市,102.68亿,8.11亿,18525,2006-11-20,--,,玻纤,特种纤维复合材料,风电叶片、玻璃纤维及制品、锂电池隔膜的研发、制造及销售。
598,2081,金螳螂,苏州金螳螂建筑装饰股份有限公司,江苏,苏州市,209.96亿,19.27亿,14493,2006-11-20,--,,装修装饰,建筑装饰,是一家以室内装饰为主体，融幕墙、景观、软装、家具、机电设备安装等为一体的综合性专业化装饰集团。
599,2082,万邦德,万邦德医药控股集团股份有限公司,浙江,台州市,146.35亿,1.00亿,1454,2006-11-20,--,,铝,医药制造、专用设备制造及服务、有色金属加工、有色金属贸易、其他,现代中药、化学原料药及化学制剂的研发、生产和销售。
600,2083,孚日股份,孚日集团股份有限公司,山东,潍坊市,48.22亿,4.14亿,13144,2006-11-24,--,,棉纺,毛巾系列产品、装饰布系列产品,毛巾系列产品、床上用品和装饰布艺产品的研发设计、生产供应、营销渠道建设和品牌推广。
序号,股票代码,股票简称,公司名称,省份,城市,主营业务收入(201712),净利润(201712),员工人数,上市日期,招股书,公司财报,行业分类,产品类型,主营业务
601,2084,海鸥住工,广州海鸥住宅工业股份有限公司,广东,广州市,20.71亿,9683.52万,6020,2006-11-24,--,,卫浴,五金龙头类产品、智能家居类产品、浴缸陶瓷类产品、整装卫浴、定制橱柜、瓷砖,"装配式整装卫浴空间内高档卫生洁具,陶瓷,浴缸,淋浴房,浴室柜,整体橱柜,瓷砖等全品类部品部件的研发,制造和服务，在智能家居领域主要进行智能门户,安防工程的持续布局。"
602,2085,万丰奥威,浙江万丰奥威汽轮股份有限公司,浙江,绍兴市,101.77亿,10.00亿,11360,2006-11-28,--,,汽车零部件,汽车铝合金轮毂、摩托车铝合金轮毂、镁合金压铸产品、涂层加工、金属铸件、冲压零部件,铝合金轮毂、环保达克罗涂覆、轻量化镁合金、模具冲压件业务以及通用飞机制造业务。
603,2086,ST东洋,山东东方海洋科技股份有限公司,山东,烟台市,7.79亿,1.21亿,968,2006-11-28,--,,海洋渔业,进料加工、来料加工、海参、检测费及试剂盒、国内贸易,海水苗种繁育、养殖，水产品加工，生物科技，保税仓储物流以及体外诊断试剂的研发、生产与销售和检测服务。
604,2087,新野纺织,河南新野纺织股份有限公司,河南,南阳市,51.95亿,2.93亿,8525,2006-11-30,--,,棉纺,纺织,从事中高档棉纺织品的生产与销售。
605,2088,鲁阳节能,山东鲁阳节能材料股份有限公司,山东,淄博市,15.96亿,2.14亿,2726,2006-11-30,--,,耐火材料,陶瓷纤维制品、玄武岩产品,陶瓷纤维、可溶纤维、氧化铝纤维、轻质莫来石砖等耐火保温产品的研发、生产、销售、施工业务，玄武岩纤维产品的研发、生产、销售业务。
606,2089,ST新海,新海宜科技集团股份有限公司,江苏,苏州市,16.05亿,-1.63亿,152,2006-11-30,--,,通信传输设备,通信制造业、计算机技术开发、LED,通信产品的研发、生产与销售业务，IDC业务，锂电材料产品的研发、生产与销售业务。
607,2090,金智科技,江苏金智科技股份有限公司,江苏,南京市,23.06亿,1.45亿,1302,2006-12-08,--,,电气自控设备,装置、系统,电力自动化业务、IT业务、电力工程设计与服务业务及新能源投资运营业务。
608,2091,江苏国泰,江苏国泰国际集团股份有限公司,江苏,苏州市,345.49亿,11.40亿,16082,2006-12-08,--,,贸易,纺织服装、玩具、化工产品,供应链服务和化工新能源业务。
609,2092,中泰化学,新疆中泰化学股份有限公司,新疆,乌鲁木齐市,410.59亿,24.53亿,20678,2006-12-08,--,,氯碱,氯碱化工、纺织工业、现代贸易、物流运输,聚氯乙烯树脂、离子膜烧碱的生产和销售;粘胶纤维、纱线的生产和销售。
610,2093,国脉科技,国脉科技股份有限公司,福建,福州市,15.16亿,1.58亿,993,2006-12-15,--,,通信配套服务,物联网和相关服务、教育,物联网技术服务、物联网咨询与设计服务、物联网科学园运营与开发服务、教育服务。
611,2094,青岛金王,青岛金王应用化学股份有限公司,山东,青岛市,46.77亿,4.45亿,2628,2006-12-15,--,,化妆品,化妆品、蜡烛产品、工艺品、大宗商品贸易,新材料蜡烛及工艺制品业务、化妆品业务和供应链业务。
612,2095,生意宝,浙江网盛生意宝股份有限公司,浙江,杭州市,3.62亿,2066.48万,560,2006-12-15,--,,电子商务B2B,网络基础服务、网络信息推广服务、广告发布服、化工贸易服务、展会服务、房租收入、化工贸易,"从事互联网信息服务,电子商务,专业搜索引擎和企业应用软件开发。"
613,2096,南岭民爆,湖南南岭民用爆破器材股份有限公司,湖南,长沙市,26.24亿,2557.94万,5187,2006-12-22,--,,民爆用品,电子雷管、工业炸药、导爆管雷管、工业电雷管、塑料导爆管、工业导爆索,民爆器材、军品的生产、研发与销售，工程爆破服务等业务。
614,2097,山河智能,山河智能装备股份有限公司,湖南,长沙市,39.52亿,2.05亿,5989,2006-12-22,--,,工程机械,工程机械、航空装备与服务、特种装备,锚定工程机械、航空装备与服务、特种装备三大业务领域，为全球客户提供整体解决方案。
615,2098,浔兴股份,福建浔兴拉链科技股份有限公司,福建,泉州市,18.60亿,1.38亿,4329,2006-12-22,--,,服饰辅料,拉链、跨境电商,拉链业务、跨境电商出口业务。
616,2099,海翔药业,浙江海翔药业股份有限公司,浙江,台州市,23.09亿,3.42亿,2899,2006-12-26,--,,化学原料药,抗生素类、降糖类、心血管类、染料、染颜料中间体,特色原料药、制剂的生产和销售以及为国际制药企业提供定制生产、配套研发的服务;环保型活性染料、染料中间体以及颜料中间体的生产和销售。
617,2100,天康生物,天康生物股份有限公司,新疆,乌鲁木齐市,46.30亿,4.04亿,5669,2006-12-26,--,,饲料,生猪屠宰及肉制品销售、生猪、饲料、兽药、农产品加工、牛奶、代养业务,动物疫苗、饲料及饲用植物蛋白的生产及销售，种猪繁育、生猪养殖、屠宰加工及肉制品销售，融资担保业务。
618,2101,广东鸿图,广东鸿图科技股份有限公司,广东,肇庆市,50.03亿,3.44亿,6715,2006-12-29,--,,汽车零部件,汽车类压铸件、通讯设备类压铸件、机电及其他类压铸件、汽车改装、汽车饰件、股权投资,精密铝合金压铸件业务、汽车内外饰件业务、专用车业务。
619,2102,ST冠福,冠福控股股份有限公司,福建,泉州市,97.36亿,2.78亿,960,2006-12-29,--,,医药中间体,医药中间体、塑料原材料、让售材料、租金物业、融资租赁,医药中间体研发、生产、销售业务兼对维生素E研发、生产、销售业务的投资；塑贸电商业务；投资性房地产租赁经营业务；黄金采矿业务。
620,2103,广博股份,广博集团股份有限公司,浙江,宁波市,23.78亿,1.10亿,2451,2007-01-10,--,,文化用品,包装物、本册、办公用品、互联网广告业务、跨境电商,文具的生产制造与销售、互联网广告营销与服务。
序号,股票代码,股票简称,公司名称,省份,城市,主营业务收入(201712),净利润(201712),员工人数,上市日期,招股书,公司财报,行业分类,产品类型,主营业务
621,2104,恒宝股份,恒宝股份有限公司,江苏,镇江市,13.68亿,1.64亿,1193,2007-01-10,--,,通信终端设备,票证类、制卡类、模块类、网络版会员软件、电子智能支付设备、特种物联网业务,高端智能化产品及数字安全解决方案等服务。
622,2105,信隆健康,深圳信隆健康产业发展股份有限公司,广东,深圳市,17.46亿,4300.27万,2948,2007-01-12,--,,自行车,车把、立管、座管、前叉、运动健身器材、康复器材、碟刹,自行车零配件、运动健身康复器材生产及销售
623,2106,莱宝高科,深圳莱宝高科技股份有限公司,广东,深圳市,39.89亿,1.49亿,1689,2007-01-12,--,,显示器件,电子元器件,研发和生产平板显示材料及触控器件。
624,2107,沃华医药,山东沃华医药科技股份有限公司,山东,潍坊市,7.27亿,8079.79万,1356,2007-01-24,--,,中药生产,中成药,"研发,生产,销售为一体的中成药企业。"
625,2108,沧州明珠,沧州明珠塑料股份有限公司,河北,沧州市,35.24亿,5.45亿,2088,2007-01-24,--,,管材,PE管道、BOPA薄膜、锂离子电池隔膜产品,PE燃气、给水管材管件的生产和销售以及BOPA薄膜的生产和销售。
626,2109,兴化股份,陕西兴化化学股份有限公司,陕西,咸阳市,18.94亿,2.06亿,1236,2007-01-26,--,,民爆用品,合成氨(液氨)、甲醇、甲胺、二甲基甲酰胺(DMF),化工产品的生产与销售。
627,2110,三钢闽光,福建三钢闽光股份有限公司,福建,三明市,316.86亿,57.43亿,13635,2007-01-26,--,,普钢,冶金制造,钢铁为主业，辅以配套、延伸等附属产业。
628,2111,威海广泰,威海广泰空港设备股份有限公司,山东,威海市,18.04亿,1.18亿,2226,2007-01-26,--,,其他专用机械,空港设备、消防装备、消防报警,集空港装备、消防装备、军工装备、无人机、移动医疗装备、电力电子装备于一体的智能化高端保障装备制造平台。
629,2112,三变科技,三变科技股份有限公司,浙江,台州市,5.36亿,-1.25亿,675,2007-02-08,--,,其他输变电设备,输配电及控制设备,变压器、电机、电抗器、低压成套电器设备、输变电设备的生产、维修、保养和销售。
630,2113,ST天润,湖南天润数字娱乐文化传媒股份有限公司,湖南,岳阳市,2.06亿,538.69万,297,2007-02-08,--,,游戏,移动游戏的代理运营和推广、优易付计费及互联网广告精准投放、房屋租赁,移动网络游戏的研发及运营、移动游戏的代理运营和推广、从事运营商计费业务、广告精准投放业务和物业租赁等。
631,2114,罗平锌电,云南罗平锌电股份有限公司,云南,曲靖市,16.19亿,5471.23万,1838,2007-02-15,--,,铅锌,有色金属冶炼、发电,水力发电、铅锌矿的开采、选矿、铅锌金属的冶炼及附属产品的提炼。
632,2115,三维通信,三维通信股份有限公司,浙江,杭州市,11.81亿,4568.49万,1120,2007-02-15,--,,通信配套服务,移动通信网络设备及系统解决方案综合服务业务、卫星通信业务、广告业务、自媒体业务、游戏联运、安全专网融合通信设备及解决方案、5G通信基础设施建设及运营服务,通信业务和互联网广告传媒业务。
633,2116,中国海诚,中国海诚工程科技股份有限公司,上海,上海市,41.99亿,2.01亿,4825,2007-02-15,--,,专业工程,承包、设计、监理、咨询,为国内外工程建设提供设计、咨询、监理和总承包服务。
634,2117,东港股份,东港股份有限公司,山东,济南市,14.30亿,2.31亿,1494,2007-03-02,--,,包装印刷,印刷类业务、覆合类业务、技术服务类业务,"印刷类业务,覆合类业务和技术服务类业务。"
635,2118,紫鑫药业,吉林紫鑫药业股份有限公司,吉林,长春市,13.27亿,3.71亿,934,2007-03-02,--,,中药生产,中成药产业、人参产业、工业大麻产业,中成药产业、人参产业、工业大麻产业。
636,2119,康强电子,宁波康强电子股份有限公司,浙江,宁波市,13.04亿,7475.82万,1062,2007-03-02,--,,半导体材料,引线框架产品、电极丝产品、模具及备件、冲床产品,各类半导体封装材料引线框架、键合丝等半导体封装材料的开发、生产、销售。
637,2120,韵达股份,韵达控股股份有限公司,浙江,宁波市,99.86亿,15.87亿,11294,2007-03-06,--,,物流,快递业务、物料销售,综合快递物流业务。
638,2121,科陆电子,深圳市科陆电子科技股份有限公司,广东,深圳市,43.76亿,3.96亿,3217,2007-03-06,--,,电气仪表,智能电网、储能、综合能源管理及服务、物业、金融业务,从事智能电网、新能源及综合能源服务。
639,2122,*ST天马,天马轴承集团股份有限公司,浙江,杭州市,25.38亿,4498.14万,1629,2007-03-28,--,,基础件,轴承、机床、技术服务、图书、纸张,高端装备制造、创投服务与资产管理、互联网信息技术服务及传媒业务。
640,2123,梦网科技,梦网云科技集团股份有限公司,辽宁,鞍山市,25.50亿,2.48亿,1191,2007-03-28,--,,其他互联网服务,移动信息服务、节能大功率电力电子产品,移动互联网运营支撑业务。
